order_id,customer_id,product_id,order_date,quantity,unit_price,order_status,country
1,89,5,2022-03-30,1,79.99,Completed,Japan
2,760,1,2022-03-22,1,89.99,Completed,Mexico
3,760,2,2022-03-22,1,149.99,Completed,Mexico
4,336,4,2022-04-03,1,329.99,Completed,USA
5,336,7,2022-04-03,2,999.99,Completed,USA
6,155,3,2022-04-01,1,59.99,Completed,Singapore
7,155,8,2022-04-01,1,199.99,Completed,Singapore
8,140,2,2022-04-25,1,149.99,Completed,Brazil
9,140,4,2022-04-25,1,329.99,Completed,Brazil
10,722,2,2022-04-23,1,149.99,Completed,Mexico
11,570,1,2022-05-24,1,89.99,Completed,Canada
12,95,1,2022-05-29,2,89.99,Completed,USA
13,95,11,2022-05-29,2,34.99,Completed,USA
14,393,7,2022-05-05,1,999.99,Completed,Germany
15,497,4,2022-05-12,1,329.99,Completed,USA
16,497,4,2022-05-12,1,329.99,Returned,USA
17,497,9,2022-05-12,1,49.99,Completed,USA
18,239,7,2022-05-06,1,999.99,Completed,Mexico
19,58,6,2022-05-25,2,29.99,Completed,Japan
20,58,10,2022-05-25,1,249.99,Completed,Japan
21,29,6,2022-05-23,1,29.99,Completed,Brazil
22,29,4,2022-05-23,1,329.99,Returned,Brazil
23,29,7,2022-05-23,1,999.99,Returned,Brazil
24,722,1,2022-06-30,1,89.99,Completed,Mexico
25,722,1,2022-06-22,1,89.99,Completed,Mexico
26,576,9,2022-06-23,1,49.99,Completed,United Kingdom
27,576,9,2022-06-23,2,49.99,Completed,United Kingdom
28,576,8,2022-06-23,1,199.99,Completed,United Kingdom
29,227,12,2022-06-21,1,14.99,Completed,Germany
30,842,11,2022-06-23,2,34.99,Returned,USA
31,842,2,2022-06-23,1,149.99,Completed,USA
32,842,9,2022-06-23,1,49.99,Completed,USA
33,171,11,2022-06-29,1,34.99,Completed,Australia
34,808,8,2022-06-28,2,199.99,Completed,Australia
35,808,4,2022-06-28,1,329.99,Completed,Australia
36,808,8,2022-06-28,1,199.99,Completed,Australia
37,722,7,2022-06-01,2,999.99,Completed,Mexico
38,340,8,2022-06-07,1,199.99,Completed,USA
39,340,4,2022-06-07,1,329.99,Returned,USA
40,438,7,2022-06-03,2,999.99,Completed,Japan
41,485,9,2022-06-28,2,49.99,Completed,Brazil
42,658,4,2022-06-18,2,329.99,Completed,USA
43,155,1,2022-06-25,1,89.99,Completed,Singapore
44,155,4,2022-06-25,1,329.99,Completed,Singapore
45,151,2,2022-07-04,1,149.99,Completed,USA
46,151,7,2022-07-04,2,999.99,Completed,USA
47,570,10,2022-07-13,2,249.99,Completed,Canada
48,639,4,2022-07-19,2,329.99,Completed,Canada
49,777,6,2022-07-31,1,29.99,Completed,USA
50,777,10,2022-07-31,1,249.99,Completed,USA
51,271,7,2022-07-13,1,999.99,Completed,Canada
52,271,4,2022-07-13,2,329.99,Returned,Canada
53,271,11,2022-07-13,1,34.99,Completed,Canada
54,346,3,2022-07-27,2,59.99,Completed,Germany
55,346,8,2022-07-27,1,199.99,Completed,Germany
56,762,3,2022-07-15,2,59.99,Completed,Singapore
57,762,1,2022-07-15,2,89.99,Completed,Singapore
58,417,5,2022-07-24,1,79.99,Completed,Germany
59,727,8,2022-07-17,1,199.99,Completed,USA
60,256,8,2022-07-02,1,199.99,Completed,United Kingdom
61,651,1,2022-07-30,1,89.99,Completed,Australia
62,29,10,2022-07-13,1,249.99,Completed,Brazil
63,699,2,2022-07-01,1,149.99,Completed,Germany
64,727,11,2022-07-21,1,34.99,Completed,USA
65,534,7,2022-07-27,1,999.99,Completed,USA
66,306,1,2022-07-22,1,89.99,Completed,Canada
67,306,8,2022-07-07,1,199.99,Completed,Canada
68,677,1,2022-07-11,2,89.99,Completed,Brazil
69,677,4,2022-07-11,2,329.99,Completed,Brazil
70,677,12,2022-07-11,1,14.99,Completed,Brazil
71,804,4,2022-07-16,1,329.99,Completed,Brazil
72,804,10,2022-07-16,1,249.99,Completed,Brazil
73,804,5,2022-07-16,1,79.99,Completed,Brazil
74,697,1,2022-07-29,1,89.99,Completed,United Kingdom
75,431,3,2022-08-26,1,59.99,Completed,Canada
76,431,1,2022-08-26,1,89.99,Completed,Canada
77,200,7,2022-08-17,1,999.99,Completed,USA
78,155,4,2022-08-05,2,329.99,Completed,Singapore
79,155,10,2022-08-05,1,249.99,Completed,Singapore
80,5,8,2022-08-15,1,199.99,Completed,United Kingdom
81,502,2,2022-08-26,2,149.99,Completed,France
82,502,4,2022-08-26,2,329.99,Completed,France
83,39,4,2022-08-18,1,329.99,Completed,France
84,19,8,2022-08-22,1,199.99,Completed,France
85,393,2,2022-08-17,1,149.99,Completed,Germany
86,346,4,2022-08-14,2,329.99,Completed,Germany
87,346,2,2022-08-14,2,149.99,Returned,Germany
88,217,5,2022-08-24,1,79.99,Completed,United Kingdom
89,39,8,2022-08-13,1,199.99,Completed,France
90,39,1,2022-08-13,1,89.99,Completed,France
91,50,5,2022-08-23,1,79.99,Completed,France
92,211,4,2022-08-23,1,329.99,Completed,Mexico
93,211,3,2022-08-23,1,59.99,Completed,Mexico
94,804,7,2022-08-04,1,999.99,Completed,Brazil
95,721,1,2022-08-14,2,89.99,Completed,USA
96,493,1,2022-08-11,1,89.99,Completed,Canada
97,741,3,2022-08-24,1,59.99,Completed,France
98,271,9,2022-08-15,1,49.99,Completed,Canada
99,437,10,2022-08-24,1,249.99,Returned,USA
100,275,9,2022-08-29,1,49.99,Completed,Brazil
101,275,4,2022-08-29,2,329.99,Completed,Brazil
102,171,8,2022-08-04,1,199.99,Completed,Australia
103,65,8,2022-09-09,1,199.99,Completed,Mexico
104,65,7,2022-09-09,1,999.99,Completed,Mexico
105,657,9,2022-09-13,1,49.99,Returned,Germany
106,247,5,2022-09-11,2,79.99,Completed,Germany
107,247,7,2022-09-11,2,999.99,Completed,Germany
108,510,4,2022-09-24,1,329.99,Completed,Germany
109,510,1,2022-09-24,1,89.99,Completed,Germany
110,521,7,2022-09-18,1,999.99,Returned,USA
111,340,5,2022-09-18,1,79.99,Completed,USA
112,340,1,2022-09-18,1,89.99,Returned,USA
113,340,4,2022-09-18,1,329.99,Completed,USA
114,169,7,2022-09-16,2,999.99,Completed,Australia
115,469,7,2022-09-27,2,999.99,Completed,France
116,469,1,2022-09-27,2,89.99,Completed,France
117,469,8,2022-09-27,2,199.99,Completed,France
118,521,8,2022-09-25,1,199.99,Completed,USA
119,521,4,2022-09-25,1,329.99,Completed,USA
120,617,4,2022-09-23,1,329.99,Completed,Germany
121,617,8,2022-09-23,1,199.99,Completed,Germany
122,617,11,2022-09-23,1,34.99,Completed,Germany
123,183,7,2022-09-17,1,999.99,Completed,Canada
124,576,12,2022-09-16,2,14.99,Completed,United Kingdom
125,433,1,2022-09-26,2,89.99,Completed,France
126,58,9,2022-09-07,1,49.99,Completed,Japan
127,64,8,2022-09-23,1,199.99,Completed,USA
128,64,5,2022-09-23,1,79.99,Completed,USA
129,804,8,2022-09-26,1,199.99,Completed,Brazil
130,804,4,2022-09-26,1,329.99,Completed,Brazil
131,14,7,2022-09-24,2,999.99,Completed,Japan
132,722,8,2022-09-23,1,199.99,Completed,Mexico
133,387,6,2022-09-02,1,29.99,Completed,USA
134,727,2,2022-09-30,1,149.99,Completed,USA
135,809,1,2022-09-19,1,89.99,Completed,USA
136,534,4,2022-09-03,2,329.99,Completed,USA
137,534,3,2022-09-03,1,59.99,Completed,USA
138,340,12,2022-10-12,2,14.99,Completed,USA
139,247,3,2022-10-29,1,59.99,Completed,Germany
140,247,11,2022-10-29,1,34.99,Completed,Germany
141,247,3,2022-10-29,1,59.99,Completed,Germany
142,99,6,2022-10-06,1,29.99,Completed,USA
143,99,7,2022-10-06,1,999.99,Completed,USA
144,99,4,2022-10-06,1,329.99,Completed,USA
145,760,9,2022-10-25,1,49.99,Completed,Mexico
146,340,1,2022-10-02,1,89.99,Completed,USA
147,842,4,2022-10-08,2,329.99,Completed,USA
148,842,1,2022-10-08,1,89.99,Completed,USA
149,657,8,2022-10-24,1,199.99,Completed,Germany
150,75,3,2022-10-12,1,59.99,Completed,Mexico
151,75,11,2022-10-12,2,34.99,Completed,Mexico
152,486,2,2022-10-06,2,149.99,Completed,Australia
153,650,11,2022-10-05,1,34.99,Returned,Japan
154,43,4,2022-10-01,1,329.99,Completed,Mexico
155,760,4,2022-10-29,1,329.99,Completed,Mexico
156,760,3,2022-10-29,1,59.99,Completed,Mexico
157,186,10,2022-10-22,2,249.99,Completed,Germany
158,186,1,2022-10-22,1,89.99,Completed,Germany
159,103,4,2022-10-10,2,329.99,Completed,Brazil
160,103,8,2022-10-10,1,199.99,Completed,Brazil
161,324,1,2022-10-31,1,89.99,Completed,Mexico
162,657,4,2022-10-14,1,329.99,Completed,Germany
163,474,7,2022-10-15,1,999.99,Completed,Canada
164,642,10,2022-10-03,1,249.99,Completed,Brazil
165,642,8,2022-10-03,1,199.99,Completed,Brazil
166,402,7,2022-10-08,1,999.99,Completed,United Kingdom
167,402,4,2022-10-08,1,329.99,Completed,United Kingdom
168,402,9,2022-10-08,1,49.99,Completed,United Kingdom
169,164,7,2022-10-06,1,999.99,Completed,France
170,164,4,2022-10-06,1,329.99,Completed,France
171,164,4,2022-10-06,1,329.99,Completed,France
172,370,5,2022-10-13,1,79.99,Completed,Australia
173,721,10,2022-10-31,1,249.99,Completed,USA
174,362,9,2022-10-27,1,49.99,Completed,Singapore
175,362,2,2022-10-27,1,149.99,Completed,Singapore
176,154,7,2022-10-06,1,999.99,Completed,USA
177,425,1,2022-10-26,2,89.99,Completed,Australia
178,151,11,2022-11-02,2,34.99,Completed,USA
179,737,12,2022-11-24,1,14.99,Completed,USA
180,737,12,2022-11-24,2,14.99,Completed,USA
181,639,2,2022-11-22,1,149.99,Completed,Canada
182,388,1,2022-11-13,2,89.99,Completed,Australia
183,182,1,2022-11-16,1,89.99,Completed,Australia
184,182,7,2022-11-16,1,999.99,Completed,Australia
185,182,9,2022-11-16,2,49.99,Completed,Australia
186,380,6,2022-11-28,1,29.99,Completed,Brazil
187,788,9,2022-11-13,1,49.99,Completed,Australia
188,239,7,2022-11-30,2,999.99,Completed,Mexico
189,239,1,2022-11-30,1,89.99,Completed,Mexico
190,211,4,2022-11-23,1,329.99,Completed,Mexico
191,211,7,2022-11-23,1,999.99,Completed,Mexico
192,697,6,2022-11-13,2,29.99,Completed,United Kingdom
193,697,6,2022-11-13,2,29.99,Completed,United Kingdom
194,592,8,2022-11-12,1,199.99,Completed,Canada
195,592,5,2022-11-12,1,79.99,Completed,Canada
196,521,8,2022-11-13,1,199.99,Returned,USA
197,521,1,2022-11-13,1,89.99,Completed,USA
198,521,4,2022-11-13,1,329.99,Returned,USA
199,394,7,2022-11-30,1,999.99,Completed,Brazil
200,394,7,2022-11-30,1,999.99,Completed,Brazil
201,394,5,2022-11-30,1,79.99,Completed,Brazil
202,531,9,2022-11-10,1,49.99,Completed,United Kingdom
203,369,1,2022-11-08,1,89.99,Completed,Canada
204,369,4,2022-11-08,2,329.99,Completed,Canada
205,531,11,2022-11-01,1,34.99,Completed,United Kingdom
206,531,7,2022-11-01,1,999.99,Completed,United Kingdom
207,621,4,2022-11-07,1,329.99,Completed,USA
208,417,1,2022-11-17,1,89.99,Completed,Germany
209,120,3,2022-11-26,1,59.99,Completed,Canada
210,387,3,2022-11-19,1,59.99,Completed,USA
211,698,5,2022-11-15,1,79.99,Completed,Mexico
212,698,7,2022-11-15,1,999.99,Completed,Mexico
213,324,4,2022-11-14,1,329.99,Completed,Mexico
214,324,9,2022-11-14,1,49.99,Completed,Mexico
215,324,4,2022-11-14,1,329.99,Completed,Mexico
216,212,3,2022-11-08,1,59.99,Completed,France
217,110,12,2022-11-04,2,14.99,Completed,Canada
218,110,6,2022-11-04,1,29.99,Completed,Canada
219,110,4,2022-11-04,1,329.99,Completed,Canada
220,769,6,2022-11-19,2,29.99,Completed,USA
221,515,8,2022-11-12,1,199.99,Completed,Mexico
222,124,8,2022-11-23,1,199.99,Completed,Japan
223,124,1,2022-11-23,1,89.99,Completed,Japan
224,216,4,2022-11-14,2,329.99,Completed,Singapore
225,216,2,2022-11-14,1,149.99,Completed,Singapore
226,103,3,2022-11-24,2,59.99,Completed,Brazil
227,154,4,2022-11-16,1,329.99,Completed,USA
228,154,10,2022-11-16,1,249.99,Completed,USA
229,257,8,2022-11-18,1,199.99,Completed,Germany
230,257,7,2022-11-18,2,999.99,Completed,Germany
231,369,9,2022-11-18,1,49.99,Returned,Canada
232,621,7,2022-11-07,1,999.99,Completed,USA
233,364,9,2022-11-11,2,49.99,Completed,United Kingdom
234,364,4,2022-11-11,1,329.99,Completed,United Kingdom
235,656,7,2022-11-26,2,999.99,Returned,USA
236,656,2,2022-11-26,1,149.99,Completed,USA
237,728,4,2022-11-09,2,329.99,Completed,Canada
238,372,12,2022-11-24,2,14.99,Completed,France
239,762,2,2022-11-23,1,149.99,Completed,Singapore
240,762,12,2022-11-23,2,14.99,Completed,Singapore
241,86,2,2022-11-04,2,149.99,Completed,Brazil
242,254,7,2022-11-24,1,999.99,Completed,USA
243,334,12,2022-11-28,1,14.99,Completed,Mexico
244,182,7,2022-11-19,2,999.99,Completed,Australia
245,655,4,2022-11-18,1,329.99,Completed,USA
246,11,8,2022-11-01,1,199.99,Completed,Japan
247,504,1,2022-11-25,2,89.99,Completed,United Kingdom
248,612,4,2022-11-08,2,329.99,Completed,Canada
249,612,5,2022-11-08,1,79.99,Completed,Canada
250,612,8,2022-11-08,2,199.99,Completed,Canada
251,433,8,2022-12-21,1,199.99,Completed,France
252,829,10,2022-12-09,1,249.99,Completed,Japan
253,279,2,2022-12-23,1,149.99,Completed,Singapore
254,548,1,2022-12-01,1,89.99,Completed,Singapore
255,449,1,2022-12-24,1,89.99,Completed,Brazil
256,320,5,2022-12-26,1,79.99,Completed,France
257,320,10,2022-12-26,1,249.99,Completed,France
258,795,5,2022-12-13,1,79.99,Completed,Canada
259,257,1,2022-12-27,1,89.99,Completed,Germany
260,254,5,2022-12-24,1,79.99,Completed,USA
261,254,12,2022-12-24,2,14.99,Completed,USA
262,320,7,2022-12-30,1,999.99,Completed,France
263,534,7,2022-12-04,1,999.99,Completed,USA
264,224,4,2022-12-04,1,329.99,Completed,Mexico
265,809,1,2022-12-08,2,89.99,Completed,USA
266,381,2,2022-12-25,1,149.99,Completed,Japan
267,778,4,2022-12-21,1,329.99,Completed,Canada
268,239,8,2022-12-11,2,199.99,Completed,Mexico
269,239,1,2022-12-11,2,89.99,Completed,Mexico
270,239,2,2022-12-11,1,149.99,Completed,Mexico
271,449,8,2022-12-18,1,199.99,Completed,Brazil
272,750,4,2022-12-15,1,329.99,Completed,USA
273,555,9,2022-12-12,2,49.99,Completed,Germany
274,795,8,2022-12-20,2,199.99,Completed,Canada
275,510,7,2022-12-25,1,999.99,Completed,Germany
276,99,10,2022-12-17,1,249.99,Completed,USA
277,99,1,2022-12-17,1,89.99,Completed,USA
278,33,4,2022-12-19,1,329.99,Completed,Japan
279,33,1,2022-12-19,1,89.99,Completed,Japan
280,655,8,2022-12-02,2,199.99,Completed,USA
281,726,6,2022-12-02,1,29.99,Completed,United Kingdom
282,726,1,2022-12-02,1,89.99,Completed,United Kingdom
283,100,4,2022-12-04,1,329.99,Completed,United Kingdom
284,100,3,2022-12-04,1,59.99,Completed,United Kingdom
285,100,6,2022-12-04,1,29.99,Completed,United Kingdom
286,438,9,2022-12-29,2,49.99,Completed,Japan
287,674,7,2022-12-06,1,999.99,Completed,Brazil
288,564,8,2022-12-11,2,199.99,Completed,Japan
289,564,4,2022-12-11,1,329.99,Completed,Japan
290,564,12,2022-12-30,2,14.99,Completed,Japan
291,564,1,2022-12-30,1,89.99,Completed,Japan
292,531,4,2022-12-05,1,329.99,Completed,United Kingdom
293,531,12,2022-12-05,1,14.99,Completed,United Kingdom
294,97,2,2022-12-02,1,149.99,Completed,France
295,239,6,2022-12-09,1,29.99,Completed,Mexico
296,239,8,2022-12-09,2,199.99,Completed,Mexico
297,846,9,2022-12-29,1,49.99,Completed,Brazil
298,846,4,2022-12-29,2,329.99,Completed,Brazil
299,846,4,2022-12-29,2,329.99,Completed,Brazil
300,233,12,2022-12-24,2,14.99,Completed,USA
301,233,6,2022-12-24,1,29.99,Completed,USA
302,233,2,2022-12-24,1,149.99,Completed,USA
303,750,4,2022-12-13,1,329.99,Completed,USA
304,750,2,2022-12-13,1,149.99,Completed,USA
305,750,7,2022-12-13,1,999.99,Completed,USA
306,493,4,2022-12-18,1,329.99,Completed,Canada
307,249,4,2022-12-03,1,329.99,Completed,Japan
308,353,2,2022-12-20,1,149.99,Completed,USA
309,353,5,2022-12-20,1,79.99,Completed,USA
310,249,2,2022-12-31,1,149.99,Returned,Japan
311,461,2,2022-12-16,1,149.99,Completed,Australia
312,769,8,2022-12-09,1,199.99,Completed,USA
313,769,4,2022-12-09,1,329.99,Completed,USA
314,769,7,2022-12-09,1,999.99,Returned,USA
315,677,8,2022-12-09,1,199.99,Completed,Brazil
316,677,3,2022-12-09,2,59.99,Completed,Brazil
317,677,11,2022-12-09,2,34.99,Completed,Brazil
318,191,5,2022-12-07,1,79.99,Completed,USA
319,342,2,2022-12-16,1,149.99,Completed,Japan
320,832,11,2022-12-02,1,34.99,Completed,France
321,350,2,2022-12-29,2,149.99,Completed,Mexico
322,233,2,2022-12-14,1,149.99,Completed,USA
323,212,6,2022-12-21,1,29.99,Completed,France
324,162,6,2022-12-11,1,29.99,Completed,Mexico
325,31,12,2022-12-25,2,14.99,Completed,Canada
326,842,8,2022-12-29,1,199.99,Completed,USA
327,110,8,2022-12-05,1,199.99,Completed,Canada
328,237,1,2022-12-22,2,89.99,Completed,Brazil
329,504,2,2022-12-16,1,149.99,Completed,United Kingdom
330,277,8,2022-12-31,1,199.99,Completed,USA
331,182,10,2022-12-30,2,249.99,Completed,Australia
332,182,10,2022-12-30,1,249.99,Completed,Australia
333,795,9,2022-12-02,1,49.99,Completed,Canada
334,657,6,2023-01-29,2,29.99,Completed,Germany
335,657,11,2023-01-29,1,34.99,Completed,Germany
336,406,4,2023-01-24,1,329.99,Completed,USA
337,451,5,2023-01-13,2,79.99,Completed,Japan
338,451,11,2023-01-13,1,34.99,Completed,Japan
339,185,11,2023-01-25,1,34.99,Completed,Singapore
340,462,7,2023-01-01,1,999.99,Completed,Brazil
341,665,8,2023-01-30,1,199.99,Completed,France
342,665,8,2023-01-30,1,199.99,Completed,France
343,394,7,2023-01-24,1,999.99,Completed,Brazil
344,394,4,2023-01-24,1,329.99,Completed,Brazil
345,394,6,2023-01-24,1,29.99,Completed,Brazil
346,788,4,2023-01-23,2,329.99,Completed,Australia
347,186,1,2023-01-04,1,89.99,Returned,Germany
348,186,5,2023-01-04,2,79.99,Completed,Germany
349,603,4,2023-01-22,1,329.99,Returned,Japan
350,285,9,2023-01-20,1,49.99,Completed,Germany
351,152,2,2023-01-02,1,149.99,Completed,Japan
352,152,7,2023-01-02,1,999.99,Completed,Japan
353,626,6,2023-01-22,1,29.99,Completed,Germany
354,626,8,2023-01-22,1,199.99,Completed,Germany
355,626,1,2023-01-22,1,89.99,Completed,Germany
356,389,4,2023-01-27,1,329.99,Completed,USA
357,712,6,2023-01-28,1,29.99,Completed,Japan
358,60,6,2023-01-04,1,29.99,Completed,USA
359,60,12,2023-01-04,1,14.99,Completed,USA
360,60,3,2023-01-04,1,59.99,Completed,USA
361,648,2,2023-01-16,1,149.99,Completed,Japan
362,213,4,2023-01-26,1,329.99,Completed,Brazil
363,574,1,2023-01-26,1,89.99,Completed,United Kingdom
364,810,5,2023-01-03,1,79.99,Completed,Australia
365,342,6,2023-01-11,1,29.99,Completed,Japan
366,347,9,2023-01-30,1,49.99,Completed,Germany
367,347,11,2023-01-30,1,34.99,Completed,Germany
368,58,6,2023-01-27,1,29.99,Completed,Japan
369,592,11,2023-01-22,1,34.99,Completed,Canada
370,348,10,2023-01-13,2,249.99,Completed,Japan
371,120,8,2023-01-28,1,199.99,Completed,Canada
372,120,3,2023-01-28,1,59.99,Completed,Canada
373,381,4,2023-01-15,1,329.99,Returned,Japan
374,381,2,2023-01-15,1,149.99,Returned,Japan
375,795,10,2023-01-11,1,249.99,Completed,Canada
376,397,1,2023-01-23,1,89.99,Completed,Singapore
377,397,7,2023-01-23,1,999.99,Completed,Singapore
378,534,1,2023-01-25,1,89.99,Completed,USA
379,534,2,2023-01-25,1,149.99,Completed,USA
380,546,1,2023-01-11,1,89.99,Completed,USA
381,546,1,2023-01-11,1,89.99,Completed,USA
382,546,4,2023-01-11,1,329.99,Completed,USA
383,722,3,2023-01-26,1,59.99,Completed,Mexico
384,347,2,2023-01-18,2,149.99,Completed,Germany
385,393,4,2023-02-02,2,329.99,Completed,Germany
386,320,8,2023-02-11,1,199.99,Completed,France
387,320,8,2023-02-11,2,199.99,Completed,France
388,320,1,2023-02-11,2,89.99,Completed,France
389,660,3,2023-02-23,1,59.99,Completed,USA
390,660,11,2023-02-23,1,34.99,Completed,USA
391,402,4,2023-02-06,1,329.99,Returned,United Kingdom
392,402,5,2023-02-06,1,79.99,Completed,United Kingdom
393,402,3,2023-02-06,1,59.99,Completed,United Kingdom
394,110,9,2023-02-11,2,49.99,Completed,Canada
395,110,7,2023-02-11,1,999.99,Completed,Canada
396,804,4,2023-02-14,1,329.99,Completed,Brazil
397,499,4,2023-02-04,1,329.99,Completed,Mexico
398,499,12,2023-02-04,1,14.99,Completed,Mexico
399,389,7,2023-02-11,1,999.99,Completed,USA
400,143,9,2023-02-19,1,49.99,Completed,Germany
401,143,5,2023-02-19,1,79.99,Completed,Germany
402,143,6,2023-02-19,1,29.99,Completed,Germany
403,736,1,2023-02-12,2,89.99,Completed,Australia
404,736,7,2023-02-12,1,999.99,Completed,Australia
405,736,1,2023-02-12,1,89.99,Completed,Australia
406,605,4,2023-02-13,2,329.99,Completed,Brazil
407,605,4,2023-02-13,1,329.99,Completed,Brazil
408,605,8,2023-02-13,1,199.99,Completed,Brazil
409,739,1,2023-02-16,2,89.99,Completed,USA
410,739,11,2023-02-16,2,34.99,Completed,USA
411,522,5,2023-02-14,1,79.99,Completed,Germany
412,592,8,2023-02-16,1,199.99,Completed,Canada
413,592,6,2023-02-16,1,29.99,Completed,Canada
414,39,4,2023-02-19,2,329.99,Completed,France
415,748,10,2023-02-24,1,249.99,Completed,Canada
416,91,8,2023-02-08,1,199.99,Completed,Brazil
417,818,1,2023-02-19,1,89.99,Completed,Germany
418,340,12,2023-02-14,1,14.99,Completed,USA
419,37,7,2023-02-23,1,999.99,Completed,Brazil
420,37,1,2023-02-23,1,89.99,Completed,Brazil
421,37,4,2023-02-23,1,329.99,Completed,Brazil
422,282,8,2023-02-28,1,199.99,Completed,USA
423,155,9,2023-02-22,1,49.99,Completed,Singapore
424,497,4,2023-02-06,1,329.99,Completed,USA
425,497,7,2023-02-06,1,999.99,Completed,USA
426,393,7,2023-02-08,1,999.99,Completed,Germany
427,393,10,2023-02-08,1,249.99,Completed,Germany
428,393,8,2023-02-08,1,199.99,Completed,Germany
429,546,8,2023-03-08,2,199.99,Completed,USA
430,544,3,2023-03-28,2,59.99,Completed,Canada
431,324,1,2023-03-31,1,89.99,Completed,Mexico
432,324,11,2023-03-31,1,34.99,Completed,Mexico
433,101,5,2023-03-09,1,79.99,Completed,Germany
434,101,2,2023-03-09,1,149.99,Completed,Germany
435,11,1,2023-03-22,2,89.99,Completed,Japan
436,107,4,2023-03-22,1,329.99,Completed,Brazil
437,59,11,2023-03-31,1,34.99,Completed,USA
438,726,10,2023-03-31,1,249.99,Completed,United Kingdom
439,783,7,2023-03-29,1,999.99,Completed,Japan
440,783,7,2023-03-29,1,999.99,Completed,Japan
441,76,8,2023-03-09,1,199.99,Completed,USA
442,76,1,2023-03-09,1,89.99,Completed,USA
443,504,8,2023-03-04,1,199.99,Completed,United Kingdom
444,75,9,2023-03-03,1,49.99,Completed,Mexico
445,75,7,2023-03-03,1,999.99,Completed,Mexico
446,717,1,2023-03-11,2,89.99,Completed,Brazil
447,717,4,2023-03-11,1,329.99,Completed,Brazil
448,717,1,2023-03-11,2,89.99,Completed,Brazil
449,342,1,2023-03-22,1,89.99,Completed,Japan
450,83,8,2023-03-27,1,199.99,Completed,USA
451,394,8,2023-03-22,1,199.99,Completed,Brazil
452,499,4,2023-03-03,1,329.99,Completed,Mexico
453,499,7,2023-03-03,2,999.99,Completed,Mexico
454,832,1,2023-03-15,1,89.99,Completed,France
455,832,8,2023-03-15,2,199.99,Completed,France
456,759,1,2023-03-19,1,89.99,Completed,France
457,47,1,2023-03-08,1,89.99,Completed,Japan
458,47,9,2023-03-08,1,49.99,Completed,Japan
459,510,1,2023-03-20,1,89.99,Completed,Germany
460,510,9,2023-03-20,2,49.99,Completed,Germany
461,141,8,2023-03-11,1,199.99,Completed,Australia
462,141,4,2023-03-11,2,329.99,Completed,Australia
463,42,10,2023-03-05,2,249.99,Completed,USA
464,499,2,2023-03-03,1,149.99,Completed,Mexico
465,291,8,2023-03-14,1,199.99,Completed,USA
466,291,3,2023-03-14,2,59.99,Completed,USA
467,626,2,2023-03-23,2,149.99,Completed,Germany
468,91,4,2023-03-21,1,329.99,Completed,Brazil
469,91,2,2023-03-21,1,149.99,Completed,Brazil
470,780,5,2023-03-18,1,79.99,Completed,Germany
471,486,7,2023-03-16,1,999.99,Returned,Australia
472,215,7,2023-03-14,2,999.99,Returned,USA
473,759,2,2023-03-02,1,149.99,Completed,France
474,759,1,2023-03-02,1,89.99,Completed,France
475,334,7,2023-03-14,1,999.99,Completed,Mexico
476,334,8,2023-03-08,1,199.99,Completed,Mexico
477,76,7,2023-03-16,1,999.99,Completed,USA
478,76,4,2023-03-16,2,329.99,Completed,USA
479,277,1,2023-03-07,1,89.99,Completed,USA
480,429,11,2023-03-06,1,34.99,Completed,Brazil
481,429,7,2023-03-06,1,999.99,Completed,Brazil
482,89,10,2023-03-14,1,249.99,Completed,Japan
483,89,10,2023-03-14,1,249.99,Returned,Japan
484,439,4,2023-03-24,1,329.99,Completed,France
485,439,2,2023-03-24,1,149.99,Completed,France
486,788,6,2023-03-17,2,29.99,Completed,Australia
487,842,3,2023-03-04,1,59.99,Completed,USA
488,417,4,2023-03-31,1,329.99,Completed,Germany
489,492,8,2023-03-22,1,199.99,Completed,United Kingdom
490,721,10,2023-03-13,2,249.99,Completed,USA
491,341,4,2023-04-17,1,329.99,Completed,United Kingdom
492,213,11,2023-04-26,1,34.99,Completed,Brazil
493,213,11,2023-04-26,1,34.99,Completed,Brazil
494,213,1,2023-04-26,1,89.99,Completed,Brazil
495,42,7,2023-04-12,1,999.99,Completed,USA
496,793,4,2023-04-07,1,329.99,Completed,USA
497,595,8,2023-04-28,1,199.99,Completed,USA
498,595,11,2023-04-28,2,34.99,Completed,USA
499,65,5,2023-04-12,1,79.99,Completed,Mexico
500,846,8,2023-04-18,1,199.99,Completed,Brazil
501,846,8,2023-04-18,1,199.99,Completed,Brazil
502,152,8,2023-04-16,1,199.99,Completed,Japan
503,486,8,2023-04-12,1,199.99,Completed,Australia
504,65,10,2023-04-01,1,249.99,Completed,Mexico
505,65,4,2023-04-01,1,329.99,Completed,Mexico
506,469,4,2023-04-10,1,329.99,Completed,France
507,469,10,2023-04-10,1,249.99,Completed,France
508,171,6,2023-04-20,1,29.99,Completed,Australia
509,171,10,2023-04-20,1,249.99,Completed,Australia
510,171,1,2023-04-20,1,89.99,Completed,Australia
511,452,2,2023-04-09,1,149.99,Completed,USA
512,353,6,2023-04-05,1,29.99,Completed,USA
513,415,2,2023-04-30,2,149.99,Completed,France
514,5,5,2023-04-24,1,79.99,Completed,United Kingdom
515,773,8,2023-04-19,2,199.99,Completed,United Kingdom
516,773,1,2023-04-19,2,89.99,Completed,United Kingdom
517,773,2,2023-04-19,1,149.99,Completed,United Kingdom
518,633,7,2023-04-27,1,999.99,Completed,United Kingdom
519,285,6,2023-04-07,2,29.99,Completed,Germany
520,90,5,2023-04-17,1,79.99,Completed,Brazil
521,152,4,2023-04-23,1,329.99,Completed,Japan
522,152,8,2023-04-23,1,199.99,Completed,Japan
523,426,2,2023-04-26,2,149.99,Completed,Canada
524,425,1,2023-04-05,1,89.99,Completed,Australia
525,425,12,2023-04-05,1,14.99,Completed,Australia
526,425,12,2023-04-05,2,14.99,Completed,Australia
527,655,2,2023-04-30,2,149.99,Completed,USA
528,774,2,2023-04-30,2,149.99,Completed,Germany
529,44,4,2023-04-27,2,329.99,Completed,USA
530,44,9,2023-04-27,1,49.99,Completed,USA
531,44,12,2023-04-27,2,14.99,Completed,USA
532,428,8,2023-04-06,1,199.99,Returned,Canada
533,493,3,2023-04-19,2,59.99,Completed,Canada
534,60,11,2023-04-05,1,34.99,Completed,USA
535,370,12,2023-04-14,1,14.99,Completed,Australia
536,655,2,2023-04-30,1,149.99,Completed,USA
537,172,4,2023-04-18,1,329.99,Completed,Singapore
538,715,6,2023-04-23,1,29.99,Completed,USA
539,14,4,2023-04-05,2,329.99,Completed,Japan
540,224,9,2023-04-05,1,49.99,Completed,Mexico
541,224,1,2023-04-05,1,89.99,Completed,Mexico
542,320,9,2023-04-23,1,49.99,Completed,France
543,30,2,2023-04-24,1,149.99,Completed,Australia
544,30,4,2023-04-24,1,329.99,Completed,Australia
545,436,1,2023-04-23,2,89.99,Completed,USA
546,436,1,2023-04-23,1,89.99,Completed,USA
547,45,1,2023-04-03,1,89.99,Completed,USA
548,617,4,2023-04-07,1,329.99,Completed,Germany
549,617,3,2023-04-07,1,59.99,Completed,Germany
550,518,9,2023-04-19,1,49.99,Completed,France
551,289,1,2023-04-06,1,89.99,Completed,USA
552,289,10,2023-04-06,2,249.99,Completed,USA
553,289,4,2023-04-06,1,329.99,Completed,USA
554,527,8,2023-04-08,1,199.99,Completed,Canada
555,140,3,2023-04-16,1,59.99,Completed,Brazil
556,140,5,2023-04-16,2,79.99,Completed,Brazil
557,140,7,2023-04-16,1,999.99,Completed,Brazil
558,232,12,2023-04-18,2,14.99,Completed,Brazil
559,72,12,2023-04-29,1,14.99,Completed,United Kingdom
560,72,12,2023-04-29,2,14.99,Completed,United Kingdom
561,406,7,2023-04-15,1,999.99,Completed,USA
562,712,11,2023-04-19,1,34.99,Completed,Japan
563,712,12,2023-04-19,1,14.99,Completed,Japan
564,712,10,2023-04-19,2,249.99,Completed,Japan
565,435,8,2023-04-24,1,199.99,Completed,Canada
566,660,7,2023-04-13,2,999.99,Completed,USA
567,524,7,2023-04-09,1,999.99,Completed,Australia
568,138,1,2023-04-01,1,89.99,Completed,Japan
569,28,7,2023-04-06,1,999.99,Completed,United Kingdom
570,779,7,2023-04-03,2,999.99,Completed,United Kingdom
571,779,3,2023-04-03,1,59.99,Completed,United Kingdom
572,779,1,2023-04-03,1,89.99,Completed,United Kingdom
573,122,10,2023-04-13,2,249.99,Completed,Canada
574,676,2,2023-05-28,2,149.99,Completed,USA
575,676,8,2023-05-28,2,199.99,Completed,USA
576,676,6,2023-05-28,2,29.99,Completed,USA
577,576,1,2023-05-28,1,89.99,Completed,United Kingdom
578,387,4,2023-05-20,1,329.99,Completed,USA
579,387,2,2023-05-20,1,149.99,Completed,USA
580,760,11,2023-05-19,1,34.99,Completed,Mexico
581,439,7,2023-05-12,1,999.99,Completed,France
582,439,11,2023-05-12,1,34.99,Completed,France
583,174,5,2023-05-01,2,79.99,Completed,Germany
584,174,3,2023-05-01,2,59.99,Completed,Germany
585,387,6,2023-05-19,2,29.99,Completed,USA
586,211,9,2023-05-11,1,49.99,Completed,Mexico
587,651,10,2023-05-28,1,249.99,Completed,Australia
588,651,1,2023-05-28,2,89.99,Completed,Australia
589,640,10,2023-05-24,1,249.99,Completed,United Kingdom
590,640,6,2023-05-24,2,29.99,Completed,United Kingdom
591,640,1,2023-05-24,1,89.99,Completed,United Kingdom
592,680,4,2023-05-18,1,329.99,Completed,Brazil
593,688,11,2023-05-25,1,34.99,Completed,Canada
594,677,3,2023-05-31,2,59.99,Completed,Brazil
595,677,1,2023-05-31,1,89.99,Completed,Brazil
596,155,10,2023-05-24,2,249.99,Completed,Singapore
597,155,10,2023-05-24,1,249.99,Completed,Singapore
598,844,8,2023-05-10,1,199.99,Completed,Germany
599,844,2,2023-05-10,1,149.99,Completed,Germany
600,574,11,2023-05-14,1,34.99,Completed,United Kingdom
601,140,9,2023-05-01,1,49.99,Completed,Brazil
602,44,1,2023-05-31,1,89.99,Completed,USA
603,44,4,2023-05-31,1,329.99,Completed,USA
604,417,7,2023-05-29,1,999.99,Completed,Germany
605,753,7,2023-05-17,1,999.99,Completed,Canada
606,753,1,2023-05-17,1,89.99,Completed,Canada
607,753,4,2023-05-17,2,329.99,Completed,Canada
608,762,2,2023-05-08,1,149.99,Completed,Singapore
609,762,3,2023-05-08,2,59.99,Completed,Singapore
610,604,4,2023-05-02,1,329.99,Completed,Brazil
611,700,4,2023-05-08,1,329.99,Returned,USA
612,700,12,2023-05-08,1,14.99,Completed,USA
613,808,6,2023-05-22,1,29.99,Completed,Australia
614,832,10,2023-05-22,2,249.99,Completed,France
615,403,8,2023-05-30,1,199.99,Completed,Brazil
616,403,5,2023-05-30,1,79.99,Completed,Brazil
617,417,10,2023-05-26,2,249.99,Completed,Germany
618,341,11,2023-05-23,1,34.99,Completed,United Kingdom
619,68,8,2023-05-12,1,199.99,Completed,Canada
620,29,7,2023-05-25,2,999.99,Completed,Brazil
621,205,6,2023-05-21,1,29.99,Completed,Canada
622,731,10,2023-05-25,2,249.99,Completed,Canada
623,731,4,2023-05-25,2,329.99,Completed,Canada
624,608,3,2023-05-27,1,59.99,Completed,Brazil
625,387,3,2023-05-31,1,59.99,Completed,USA
626,387,7,2023-05-31,1,999.99,Completed,USA
627,387,12,2023-05-31,1,14.99,Completed,USA
628,51,7,2023-05-13,1,999.99,Completed,USA
629,377,1,2023-05-06,2,89.99,Completed,USA
630,377,12,2023-05-06,2,14.99,Completed,USA
631,731,10,2023-05-07,1,249.99,Completed,Canada
632,507,10,2023-05-13,1,249.99,Completed,USA
633,194,9,2023-05-14,1,49.99,Completed,Germany
634,269,7,2023-05-08,2,999.99,Completed,Mexico
635,269,12,2023-05-08,2,14.99,Completed,Mexico
636,726,1,2023-05-14,1,89.99,Completed,United Kingdom
637,726,12,2023-05-14,2,14.99,Completed,United Kingdom
638,621,8,2023-05-31,1,199.99,Returned,USA
639,621,5,2023-05-31,2,79.99,Completed,USA
640,621,4,2023-05-31,1,329.99,Completed,USA
641,573,3,2023-05-02,2,59.99,Completed,Japan
642,92,2,2023-05-11,1,149.99,Completed,USA
643,92,12,2023-05-11,2,14.99,Completed,USA
644,370,11,2023-05-30,1,34.99,Completed,Australia
645,780,4,2023-05-30,1,329.99,Completed,Germany
646,504,10,2023-05-25,2,249.99,Completed,United Kingdom
647,504,2,2023-05-25,1,149.99,Completed,United Kingdom
648,504,5,2023-05-25,1,79.99,Completed,United Kingdom
649,507,12,2023-05-02,2,14.99,Completed,USA
650,152,4,2023-05-04,1,329.99,Completed,Japan
651,577,7,2023-05-29,1,999.99,Completed,USA
652,577,7,2023-05-29,1,999.99,Completed,USA
653,337,12,2023-05-01,1,14.99,Completed,Australia
654,30,8,2023-05-03,2,199.99,Completed,Australia
655,674,1,2023-05-01,2,89.99,Completed,Brazil
656,750,2,2023-05-24,1,149.99,Completed,USA
657,750,9,2023-05-24,1,49.99,Completed,USA
658,750,8,2023-05-24,1,199.99,Completed,USA
659,92,4,2023-05-01,2,329.99,Completed,USA
660,92,8,2023-05-01,1,199.99,Completed,USA
661,754,7,2023-05-26,1,999.99,Completed,Germany
662,754,5,2023-05-26,2,79.99,Completed,Germany
663,754,7,2023-05-26,2,999.99,Completed,Germany
664,191,1,2023-05-14,1,89.99,Completed,USA
665,230,12,2023-05-21,1,14.99,Completed,Brazil
666,230,5,2023-05-21,2,79.99,Completed,Brazil
667,131,6,2023-05-22,1,29.99,Completed,United Kingdom
668,131,6,2023-05-22,1,29.99,Completed,United Kingdom
669,436,7,2023-05-14,1,999.99,Completed,USA
670,788,8,2023-05-17,2,199.99,Completed,Australia
671,403,11,2023-05-02,1,34.99,Completed,Brazil
672,461,12,2023-06-20,1,14.99,Completed,Australia
673,461,1,2023-06-20,1,89.99,Completed,Australia
674,109,1,2023-06-14,1,89.99,Returned,USA
675,472,7,2023-06-23,2,999.99,Completed,Canada
676,833,7,2023-06-20,2,999.99,Completed,Germany
677,90,2,2023-06-05,1,149.99,Completed,Brazil
678,28,2,2023-06-07,1,149.99,Completed,United Kingdom
679,809,4,2023-06-18,2,329.99,Completed,USA
680,433,11,2023-06-01,2,34.99,Completed,France
681,21,3,2023-06-28,1,59.99,Completed,Japan
682,402,1,2023-06-02,2,89.99,Completed,United Kingdom
683,38,5,2023-06-16,2,79.99,Completed,USA
684,541,7,2023-06-01,1,999.99,Completed,Canada
685,120,7,2023-06-16,2,999.99,Completed,Canada
686,22,2,2023-06-06,1,149.99,Completed,USA
687,348,10,2023-06-30,2,249.99,Completed,Japan
688,301,10,2023-06-24,1,249.99,Completed,Brazil
689,301,9,2023-06-24,1,49.99,Completed,Brazil
690,708,7,2023-06-24,1,999.99,Completed,Singapore
691,426,2,2023-06-16,1,149.99,Completed,Canada
692,368,7,2023-06-29,1,999.99,Completed,USA
693,516,4,2023-06-02,1,329.99,Completed,Australia
694,516,4,2023-06-02,1,329.99,Completed,Australia
695,155,7,2023-06-28,1,999.99,Completed,Singapore
696,155,11,2023-06-28,2,34.99,Completed,Singapore
697,155,12,2023-06-28,1,14.99,Completed,Singapore
698,626,9,2023-06-20,1,49.99,Completed,Germany
699,626,2,2023-06-20,1,149.99,Completed,Germany
700,726,8,2023-06-15,1,199.99,Completed,United Kingdom
701,726,4,2023-06-15,1,329.99,Completed,United Kingdom
702,426,10,2023-06-25,2,249.99,Completed,Canada
703,426,5,2023-06-25,1,79.99,Completed,Canada
704,773,7,2023-06-14,1,999.99,Completed,United Kingdom
705,822,4,2023-06-14,2,329.99,Completed,Singapore
706,699,2,2023-06-12,1,149.99,Completed,Germany
707,699,5,2023-06-12,1,79.99,Completed,Germany
708,791,4,2023-06-06,1,329.99,Completed,United Kingdom
709,657,12,2023-06-05,1,14.99,Completed,Germany
710,657,11,2023-06-05,1,34.99,Completed,Germany
711,322,9,2023-06-30,1,49.99,Completed,France
712,457,6,2023-06-21,2,29.99,Completed,Canada
713,665,1,2023-06-13,1,89.99,Completed,France
714,665,8,2023-06-13,1,199.99,Completed,France
715,291,6,2023-06-07,1,29.99,Completed,USA
716,164,8,2023-06-01,1,199.99,Completed,France
717,518,8,2023-06-04,1,199.99,Completed,France
718,518,5,2023-06-04,1,79.99,Completed,France
719,596,7,2023-06-19,1,999.99,Completed,USA
720,596,3,2023-06-19,1,59.99,Completed,USA
721,596,6,2023-06-19,1,29.99,Completed,USA
722,597,5,2023-06-07,1,79.99,Completed,France
723,597,1,2023-06-07,1,89.99,Completed,France
724,457,6,2023-06-03,2,29.99,Completed,Canada
725,451,8,2023-06-23,2,199.99,Completed,Japan
726,451,2,2023-06-23,1,149.99,Completed,Japan
727,469,10,2023-06-05,1,249.99,Completed,France
728,469,1,2023-06-05,1,89.99,Completed,France
729,469,4,2023-06-05,2,329.99,Completed,France
730,381,4,2023-06-10,1,329.99,Completed,Japan
731,381,7,2023-06-10,1,999.99,Completed,Japan
732,291,8,2023-06-07,1,199.99,Completed,USA
733,428,6,2023-06-16,1,29.99,Completed,Canada
734,621,7,2023-06-05,2,999.99,Completed,USA
735,621,2,2023-06-05,1,149.99,Completed,USA
736,621,7,2023-06-05,2,999.99,Completed,USA
737,405,11,2023-06-11,1,34.99,Completed,USA
738,405,8,2023-06-11,1,199.99,Completed,USA
739,405,6,2023-06-11,1,29.99,Completed,USA
740,194,11,2023-06-25,1,34.99,Completed,Germany
741,185,2,2023-06-01,2,149.99,Completed,Singapore
742,622,1,2023-06-11,1,89.99,Completed,USA
743,541,1,2023-06-11,1,89.99,Completed,Canada
744,262,4,2023-06-25,2,329.99,Returned,Brazil
745,334,1,2023-06-06,2,89.99,Completed,Mexico
746,848,2,2023-06-29,1,149.99,Completed,Canada
747,326,1,2023-06-15,1,89.99,Completed,Canada
748,20,7,2023-07-09,1,999.99,Completed,USA
749,417,7,2023-07-15,1,999.99,Completed,Germany
750,173,12,2023-07-26,2,14.99,Completed,USA
751,833,3,2023-07-15,1,59.99,Returned,Germany
752,833,12,2023-07-15,2,14.99,Completed,Germany
753,833,3,2023-07-15,2,59.99,Completed,Germany
754,648,3,2023-07-07,1,59.99,Completed,Japan
755,648,4,2023-07-07,2,329.99,Completed,Japan
756,648,8,2023-07-07,1,199.99,Completed,Japan
757,822,7,2023-07-11,2,999.99,Completed,Singapore
758,822,7,2023-07-11,1,999.99,Completed,Singapore
759,337,7,2023-07-01,1,999.99,Returned,Australia
760,337,1,2023-07-01,1,89.99,Completed,Australia
761,721,1,2023-07-16,1,89.99,Completed,USA
762,721,11,2023-07-16,2,34.99,Completed,USA
763,721,4,2023-07-16,2,329.99,Completed,USA
764,397,12,2023-07-06,1,14.99,Completed,Singapore
765,397,12,2023-07-06,2,14.99,Returned,Singapore
766,397,8,2023-07-06,1,199.99,Completed,Singapore
767,727,9,2023-07-12,1,49.99,Completed,USA
768,506,3,2023-07-31,1,59.99,Returned,United Kingdom
769,406,5,2023-07-04,1,79.99,Completed,USA
770,406,7,2023-07-04,1,999.99,Returned,USA
771,406,2,2023-07-04,1,149.99,Completed,USA
772,584,7,2023-07-28,1,999.99,Completed,France
773,546,6,2023-07-20,2,29.99,Returned,USA
774,438,1,2023-07-21,1,89.99,Completed,Japan
775,438,12,2023-07-21,1,14.99,Completed,Japan
776,438,6,2023-07-21,2,29.99,Completed,Japan
777,778,1,2023-07-02,2,89.99,Completed,Canada
778,778,7,2023-07-02,1,999.99,Returned,Canada
779,232,1,2023-07-23,1,89.99,Completed,Brazil
780,338,7,2023-07-10,1,999.99,Completed,France
781,828,7,2023-07-01,1,999.99,Completed,Japan
782,828,10,2023-07-01,1,249.99,Completed,Japan
783,828,1,2023-07-01,2,89.99,Completed,Japan
784,593,1,2023-07-04,1,89.99,Completed,Australia
785,711,11,2023-07-03,2,34.99,Completed,USA
786,711,7,2023-07-03,2,999.99,Returned,USA
787,58,10,2023-07-18,2,249.99,Completed,Japan
788,421,7,2023-07-08,2,999.99,Completed,USA
789,421,9,2023-07-08,1,49.99,Completed,USA
790,421,12,2023-07-08,1,14.99,Completed,USA
791,337,1,2023-07-19,1,89.99,Completed,Australia
792,522,5,2023-07-09,2,79.99,Completed,Germany
793,141,2,2023-07-26,2,149.99,Completed,Australia
794,555,5,2023-07-25,1,79.99,Completed,Germany
795,531,1,2023-07-19,1,89.99,Completed,United Kingdom
796,531,2,2023-07-19,1,149.99,Completed,United Kingdom
797,712,8,2023-07-23,1,199.99,Completed,Japan
798,712,4,2023-07-23,1,329.99,Completed,Japan
799,712,11,2023-07-23,1,34.99,Completed,Japan
800,4,3,2023-07-21,1,59.99,Completed,USA
801,753,9,2023-07-25,2,49.99,Completed,Canada
802,753,2,2023-07-25,1,149.99,Completed,Canada
803,76,1,2023-07-12,1,89.99,Completed,USA
804,784,1,2023-07-12,1,89.99,Completed,United Kingdom
805,225,4,2023-07-29,1,329.99,Completed,USA
806,104,4,2023-07-01,1,329.99,Completed,Japan
807,104,2,2023-07-01,2,149.99,Completed,Japan
808,829,12,2023-07-12,2,14.99,Completed,Japan
809,829,1,2023-07-12,1,89.99,Completed,Japan
810,829,2,2023-07-12,1,149.99,Completed,Japan
811,388,7,2023-07-23,1,999.99,Completed,Australia
812,194,9,2023-07-28,1,49.99,Completed,Germany
813,815,12,2023-07-09,2,14.99,Completed,Australia
814,815,1,2023-07-09,2,89.99,Completed,Australia
815,815,7,2023-07-09,1,999.99,Completed,Australia
816,661,5,2023-07-25,2,79.99,Completed,Singapore
817,712,5,2023-07-16,2,79.99,Completed,Japan
818,712,9,2023-07-16,1,49.99,Completed,Japan
819,463,3,2023-07-28,2,59.99,Completed,Singapore
820,564,1,2023-07-03,2,89.99,Completed,Japan
821,43,4,2023-07-15,2,329.99,Completed,Mexico
822,419,3,2023-07-12,1,59.99,Completed,Mexico
823,419,3,2023-07-12,1,59.99,Completed,Mexico
824,85,6,2023-07-10,1,29.99,Completed,USA
825,85,1,2023-07-10,1,89.99,Completed,USA
826,85,8,2023-07-10,1,199.99,Completed,USA
827,282,12,2023-07-07,1,14.99,Returned,USA
828,282,4,2023-07-07,1,329.99,Completed,USA
829,842,5,2023-07-19,1,79.99,Completed,USA
830,842,3,2023-07-19,1,59.99,Completed,USA
831,566,9,2023-07-25,1,49.99,Completed,Canada
832,440,2,2023-07-25,2,149.99,Completed,Singapore
833,440,1,2023-07-25,1,89.99,Completed,Singapore
834,132,5,2023-07-10,1,79.99,Completed,Japan
835,132,8,2023-07-10,2,199.99,Completed,Japan
836,334,9,2023-07-19,1,49.99,Completed,Mexico
837,339,11,2023-07-19,2,34.99,Completed,Canada
838,339,4,2023-07-19,2,329.99,Completed,Canada
839,339,4,2023-07-19,1,329.99,Completed,Canada
840,33,8,2023-07-27,1,199.99,Completed,Japan
841,33,3,2023-07-27,1,59.99,Completed,Japan
842,176,7,2023-07-11,1,999.99,Completed,Australia
843,176,4,2023-07-11,1,329.99,Completed,Australia
844,727,7,2023-07-22,1,999.99,Completed,USA
845,457,9,2023-07-03,1,49.99,Completed,Canada
846,457,5,2023-07-03,1,79.99,Completed,Canada
847,457,11,2023-07-03,2,34.99,Completed,Canada
848,812,9,2023-07-10,1,49.99,Completed,USA
849,633,4,2023-07-24,1,329.99,Completed,United Kingdom
850,45,3,2023-07-08,1,59.99,Completed,USA
851,45,1,2023-07-08,1,89.99,Completed,USA
852,567,8,2023-08-04,1,199.99,Completed,Canada
853,567,2,2023-08-04,1,149.99,Completed,Canada
854,474,8,2023-08-01,2,199.99,Completed,Canada
855,200,3,2023-08-13,1,59.99,Completed,USA
856,497,6,2023-08-15,1,29.99,Completed,USA
857,449,4,2023-08-05,1,329.99,Completed,Brazil
858,548,1,2023-08-24,1,89.99,Completed,Singapore
859,452,8,2023-08-12,1,199.99,Completed,USA
860,49,7,2023-08-27,1,999.99,Completed,USA
861,49,4,2023-08-27,1,329.99,Completed,USA
862,49,4,2023-08-27,1,329.99,Returned,USA
863,15,7,2023-08-11,1,999.99,Completed,Singapore
864,15,1,2023-08-11,1,89.99,Completed,Singapore
865,15,1,2023-08-11,1,89.99,Completed,Singapore
866,331,2,2023-08-18,2,149.99,Completed,Singapore
867,331,2,2023-08-18,1,149.99,Returned,Singapore
868,331,7,2023-08-18,1,999.99,Completed,Singapore
869,68,7,2023-08-22,1,999.99,Returned,Canada
870,68,3,2023-08-22,1,59.99,Completed,Canada
871,68,5,2023-08-22,1,79.99,Completed,Canada
872,176,4,2023-08-09,2,329.99,Completed,Australia
873,176,8,2023-08-09,1,199.99,Completed,Australia
874,176,4,2023-08-09,2,329.99,Completed,Australia
875,524,7,2023-08-21,1,999.99,Completed,Australia
876,524,4,2023-08-21,2,329.99,Completed,Australia
877,524,1,2023-08-21,1,89.99,Completed,Australia
878,210,11,2023-08-21,2,34.99,Completed,Japan
879,285,8,2023-08-11,2,199.99,Completed,Germany
880,296,10,2023-08-25,1,249.99,Completed,Germany
881,681,8,2023-08-08,2,199.99,Completed,Australia
882,681,2,2023-08-08,1,149.99,Completed,Australia
883,681,5,2023-08-08,1,79.99,Completed,Australia
884,210,4,2023-08-05,1,329.99,Completed,Japan
885,169,4,2023-08-24,1,329.99,Completed,Australia
886,651,9,2023-08-07,1,49.99,Completed,Australia
887,369,5,2023-08-13,2,79.99,Completed,Canada
888,753,1,2023-08-14,2,89.99,Completed,Canada
889,753,1,2023-08-14,1,89.99,Completed,Canada
890,567,4,2023-08-24,1,329.99,Completed,Canada
891,576,4,2023-08-20,2,329.99,Completed,United Kingdom
892,195,5,2023-08-01,1,79.99,Completed,Canada
893,426,8,2023-08-31,2,199.99,Completed,Canada
894,657,11,2023-08-19,1,34.99,Completed,Germany
895,580,4,2023-08-06,1,329.99,Completed,Japan
896,357,8,2023-08-17,1,199.99,Completed,Germany
897,357,11,2023-08-17,1,34.99,Completed,Germany
898,357,1,2023-08-17,1,89.99,Completed,Germany
899,29,3,2023-08-23,2,59.99,Completed,Brazil
900,29,8,2023-08-23,1,199.99,Completed,Brazil
901,394,6,2023-08-13,1,29.99,Completed,Brazil
902,394,2,2023-08-13,2,149.99,Completed,Brazil
903,546,4,2023-08-22,2,329.99,Completed,USA
904,546,11,2023-08-22,1,34.99,Completed,USA
905,546,6,2023-08-22,1,29.99,Completed,USA
906,215,4,2023-08-30,1,329.99,Completed,USA
907,215,1,2023-08-30,1,89.99,Completed,USA
908,215,4,2023-08-30,2,329.99,Completed,USA
909,181,2,2023-08-12,2,149.99,Completed,USA
910,113,2,2023-08-15,1,149.99,Completed,USA
911,188,12,2023-08-26,2,14.99,Completed,France
912,188,11,2023-08-26,1,34.99,Completed,France
913,171,4,2023-08-03,1,329.99,Returned,Australia
914,31,5,2023-08-19,1,79.99,Returned,Canada
915,273,7,2023-08-25,1,999.99,Returned,United Kingdom
916,273,7,2023-08-25,1,999.99,Completed,United Kingdom
917,273,4,2023-08-25,2,329.99,Completed,United Kingdom
918,370,7,2023-08-22,1,999.99,Completed,Australia
919,826,10,2023-08-04,2,249.99,Completed,USA
920,143,10,2023-08-01,1,249.99,Completed,Germany
921,835,7,2023-08-08,2,999.99,Completed,Brazil
922,677,4,2023-08-07,1,329.99,Returned,Brazil
923,754,7,2023-08-11,2,999.99,Completed,Germany
924,754,4,2023-08-11,2,329.99,Completed,Germany
925,103,7,2023-08-24,1,999.99,Completed,Brazil
926,804,2,2023-08-28,1,149.99,Completed,Brazil
927,804,7,2023-08-28,2,999.99,Completed,Brazil
928,457,4,2023-08-31,1,329.99,Completed,Canada
929,717,12,2023-08-03,1,14.99,Completed,Brazil
930,335,3,2023-08-29,1,59.99,Completed,Japan
931,682,8,2023-08-05,1,199.99,Completed,Japan
932,682,4,2023-08-05,1,329.99,Completed,Japan
933,682,8,2023-08-05,1,199.99,Completed,Japan
934,387,8,2023-08-30,2,199.99,Completed,USA
935,387,3,2023-08-30,1,59.99,Completed,USA
936,387,1,2023-08-30,1,89.99,Completed,USA
937,377,6,2023-08-05,1,29.99,Completed,USA
938,377,7,2023-08-05,1,999.99,Completed,USA
939,790,6,2023-08-12,1,29.99,Completed,USA
940,790,1,2023-08-12,2,89.99,Completed,USA
941,836,3,2023-08-31,2,59.99,Completed,Australia
942,291,1,2023-08-05,1,89.99,Completed,USA
943,291,12,2023-08-05,1,14.99,Completed,USA
944,291,10,2023-08-05,2,249.99,Completed,USA
945,221,12,2023-08-16,1,14.99,Completed,Australia
946,342,10,2023-08-05,1,249.99,Completed,Japan
947,342,10,2023-08-05,1,249.99,Completed,Japan
948,835,12,2023-08-22,2,14.99,Completed,Brazil
949,835,7,2023-08-22,1,999.99,Completed,Brazil
950,541,8,2023-08-24,1,199.99,Completed,Canada
951,100,9,2023-08-05,1,49.99,Completed,United Kingdom
952,727,2,2023-08-10,1,149.99,Completed,USA
953,149,8,2023-08-07,1,199.99,Completed,USA
954,152,7,2023-08-13,1,999.99,Completed,Japan
955,152,12,2023-08-13,1,14.99,Completed,Japan
956,347,4,2023-08-19,2,329.99,Completed,Germany
957,669,8,2023-08-24,1,199.99,Completed,Australia
958,282,1,2023-08-21,1,89.99,Completed,USA
959,282,5,2023-08-21,1,79.99,Returned,USA
960,492,9,2023-08-09,1,49.99,Completed,United Kingdom
961,492,8,2023-08-09,1,199.99,Completed,United Kingdom
962,66,2,2023-08-23,1,149.99,Completed,USA
963,66,9,2023-08-23,2,49.99,Completed,USA
964,66,10,2023-08-23,1,249.99,Completed,USA
965,213,10,2023-09-22,1,249.99,Returned,Brazil
966,213,5,2023-09-22,1,79.99,Completed,Brazil
967,132,2,2023-09-19,1,149.99,Completed,Japan
968,306,4,2023-09-12,1,329.99,Completed,Canada
969,306,1,2023-09-12,1,89.99,Completed,Canada
970,591,11,2023-09-16,1,34.99,Completed,USA
971,591,5,2023-09-16,1,79.99,Completed,USA
972,591,1,2023-09-16,1,89.99,Completed,USA
973,221,2,2023-09-05,1,149.99,Completed,Australia
974,433,3,2023-09-03,1,59.99,Completed,France
975,86,2,2023-09-09,1,149.99,Completed,Brazil
976,86,8,2023-09-09,1,199.99,Completed,Brazil
977,86,6,2023-09-09,1,29.99,Completed,Brazil
978,324,4,2023-09-26,1,329.99,Completed,Mexico
979,417,1,2023-09-03,1,89.99,Completed,Germany
980,150,1,2023-09-28,2,89.99,Completed,USA
981,150,8,2023-09-28,1,199.99,Completed,USA
982,842,6,2023-09-26,1,29.99,Completed,USA
983,50,8,2023-09-06,1,199.99,Completed,France
984,808,7,2023-09-18,1,999.99,Completed,Australia
985,808,7,2023-09-18,1,999.99,Completed,Australia
986,743,9,2023-09-21,2,49.99,Completed,Japan
987,743,2,2023-09-21,1,149.99,Completed,Japan
988,743,5,2023-09-21,1,79.99,Completed,Japan
989,534,4,2023-09-23,1,329.99,Completed,USA
990,534,4,2023-09-23,1,329.99,Completed,USA
991,650,4,2023-09-03,1,329.99,Completed,Japan
992,505,7,2023-09-26,1,999.99,Completed,USA
993,505,12,2023-09-26,1,14.99,Completed,USA
994,436,3,2023-09-23,1,59.99,Completed,USA
995,436,4,2023-09-23,1,329.99,Completed,USA
996,362,4,2023-09-02,1,329.99,Completed,Singapore
997,256,4,2023-09-27,2,329.99,Completed,United Kingdom
998,256,6,2023-09-27,1,29.99,Completed,United Kingdom
999,846,4,2023-09-29,2,329.99,Completed,Brazil
1000,306,4,2023-09-12,1,329.99,Completed,Canada
1001,104,1,2023-09-14,1,89.99,Completed,Japan
1002,788,5,2023-09-22,1,79.99,Completed,Australia
1003,439,9,2023-09-29,1,49.99,Completed,France
1004,363,4,2023-09-24,1,329.99,Completed,Australia
1005,42,8,2023-09-05,1,199.99,Completed,USA
1006,491,4,2023-09-22,2,329.99,Completed,Germany
1007,491,8,2023-09-22,1,199.99,Completed,Germany
1008,410,10,2023-09-17,2,249.99,Completed,Germany
1009,410,12,2023-09-17,1,14.99,Completed,Germany
1010,410,4,2023-09-17,1,329.99,Completed,Germany
1011,850,7,2023-09-11,1,999.99,Completed,Germany
1012,85,8,2023-09-25,1,199.99,Completed,USA
1013,718,2,2023-09-08,1,149.99,Completed,USA
1014,718,5,2023-09-08,1,79.99,Completed,USA
1015,650,4,2023-09-05,1,329.99,Completed,Japan
1016,19,10,2023-09-20,2,249.99,Completed,France
1017,649,4,2023-09-08,1,329.99,Completed,Mexico
1018,660,3,2023-09-02,1,59.99,Completed,USA
1019,429,7,2023-09-08,1,999.99,Completed,Brazil
1020,484,4,2023-09-09,1,329.99,Completed,USA
1021,484,4,2023-09-09,1,329.99,Completed,USA
1022,14,10,2023-09-22,1,249.99,Completed,Japan
1023,761,4,2023-09-25,1,329.99,Completed,Germany
1024,761,8,2023-09-25,1,199.99,Completed,Germany
1025,761,9,2023-09-25,1,49.99,Completed,Germany
1026,77,4,2023-09-18,2,329.99,Completed,Germany
1027,207,2,2023-09-18,2,149.99,Completed,Japan
1028,207,3,2023-09-18,1,59.99,Completed,Japan
1029,460,1,2023-09-21,2,89.99,Completed,Brazil
1030,460,12,2023-09-21,1,14.99,Completed,Brazil
1031,47,12,2023-09-19,1,14.99,Completed,Japan
1032,507,12,2023-09-22,1,14.99,Completed,USA
1033,507,6,2023-09-22,2,29.99,Completed,USA
1034,507,2,2023-09-22,1,149.99,Completed,USA
1035,810,8,2023-09-17,1,199.99,Completed,Australia
1036,226,4,2023-09-10,1,329.99,Returned,USA
1037,226,2,2023-09-10,1,149.99,Completed,USA
1038,226,9,2023-09-10,1,49.99,Completed,USA
1039,2,7,2023-09-21,1,999.99,Completed,USA
1040,271,11,2023-09-24,1,34.99,Completed,Canada
1041,59,3,2023-09-21,1,59.99,Completed,USA
1042,59,12,2023-09-21,1,14.99,Completed,USA
1043,670,7,2023-09-09,1,999.99,Completed,Canada
1044,670,3,2023-09-09,1,59.99,Completed,Canada
1045,670,7,2023-09-09,2,999.99,Completed,Canada
1046,238,4,2023-09-24,2,329.99,Completed,USA
1047,238,10,2023-09-24,1,249.99,Completed,USA
1048,185,4,2023-09-21,1,329.99,Completed,Singapore
1049,704,8,2023-09-20,2,199.99,Completed,United Kingdom
1050,103,8,2023-09-24,1,199.99,Completed,Brazil
1051,103,1,2023-09-24,1,89.99,Completed,Brazil
1052,103,1,2023-09-24,1,89.99,Completed,Brazil
1053,615,12,2023-09-01,1,14.99,Completed,USA
1054,615,9,2023-09-01,1,49.99,Completed,USA
1055,492,9,2023-09-25,1,49.99,Completed,United Kingdom
1056,492,1,2023-09-25,1,89.99,Completed,United Kingdom
1057,106,5,2023-09-18,2,79.99,Completed,Brazil
1058,230,4,2023-09-01,1,329.99,Completed,Brazil
1059,232,8,2023-09-30,1,199.99,Completed,Brazil
1060,232,12,2023-09-30,1,14.99,Completed,Brazil
1061,289,4,2023-09-12,1,329.99,Completed,USA
1062,45,4,2023-09-20,1,329.99,Completed,USA
1063,436,4,2023-09-05,1,329.99,Completed,USA
1064,436,11,2023-09-05,1,34.99,Completed,USA
1065,436,8,2023-09-05,1,199.99,Completed,USA
1066,151,5,2023-09-11,2,79.99,Completed,USA
1067,438,1,2023-09-24,1,89.99,Completed,Japan
1068,362,5,2023-09-11,2,79.99,Completed,Singapore
1069,822,4,2023-10-31,2,329.99,Completed,Singapore
1070,822,5,2023-10-31,1,79.99,Completed,Singapore
1071,595,6,2023-10-23,1,29.99,Completed,USA
1072,241,12,2023-10-12,1,14.99,Completed,Germany
1073,486,1,2023-10-31,1,89.99,Completed,Australia
1074,798,8,2023-10-27,2,199.99,Completed,Canada
1075,121,4,2023-10-31,1,329.99,Completed,USA
1076,121,4,2023-10-31,1,329.99,Completed,USA
1077,596,7,2023-10-03,1,999.99,Returned,USA
1078,375,1,2023-10-05,2,89.99,Completed,Brazil
1079,482,6,2023-10-24,1,29.99,Completed,United Kingdom
1080,346,1,2023-10-15,1,89.99,Completed,Germany
1081,346,11,2023-10-15,1,34.99,Completed,Germany
1082,346,2,2023-10-15,1,149.99,Returned,Germany
1083,697,8,2023-10-31,1,199.99,Completed,United Kingdom
1084,697,5,2023-10-31,1,79.99,Completed,United Kingdom
1085,697,2,2023-10-31,1,149.99,Completed,United Kingdom
1086,129,7,2023-10-24,1,999.99,Completed,USA
1087,764,1,2023-10-18,2,89.99,Completed,USA
1088,669,4,2023-10-21,1,329.99,Completed,Australia
1089,435,1,2023-10-07,1,89.99,Completed,Canada
1090,29,4,2023-10-08,1,329.99,Completed,Brazil
1091,207,3,2023-10-21,1,59.99,Completed,Japan
1092,207,9,2023-10-21,1,49.99,Completed,Japan
1093,96,12,2023-10-31,1,14.99,Completed,USA
1094,323,4,2023-10-25,1,329.99,Completed,France
1095,418,5,2023-10-29,1,79.99,Returned,Canada
1096,418,9,2023-10-29,2,49.99,Completed,Canada
1097,39,8,2023-10-10,1,199.99,Completed,France
1098,96,9,2023-10-31,1,49.99,Completed,USA
1099,96,12,2023-10-31,1,14.99,Completed,USA
1100,369,1,2023-10-20,2,89.99,Completed,Canada
1101,369,12,2023-10-20,1,14.99,Completed,Canada
1102,510,8,2023-10-04,1,199.99,Completed,Germany
1103,510,12,2023-10-04,1,14.99,Completed,Germany
1104,322,1,2023-10-06,1,89.99,Completed,France
1105,322,1,2023-10-06,2,89.99,Completed,France
1106,485,7,2023-10-09,1,999.99,Completed,Brazil
1107,485,5,2023-10-09,1,79.99,Completed,Brazil
1108,635,4,2023-10-30,1,329.99,Completed,Japan
1109,635,8,2023-10-30,2,199.99,Completed,Japan
1110,699,7,2023-10-02,1,999.99,Completed,Germany
1111,159,4,2023-10-28,2,329.99,Completed,Germany
1112,474,4,2023-10-22,2,329.99,Completed,Canada
1113,787,4,2023-10-14,1,329.99,Completed,France
1114,619,4,2023-10-16,1,329.99,Completed,USA
1115,482,4,2023-10-05,1,329.99,Completed,United Kingdom
1116,793,9,2023-10-13,2,49.99,Completed,USA
1117,219,7,2023-10-02,2,999.99,Completed,USA
1118,415,8,2023-10-03,2,199.99,Completed,France
1119,95,12,2023-10-29,1,14.99,Completed,USA
1120,95,4,2023-10-29,2,329.99,Completed,USA
1121,706,8,2023-10-26,1,199.99,Completed,USA
1122,11,2,2023-10-18,1,149.99,Completed,Japan
1123,11,12,2023-10-18,1,14.99,Returned,Japan
1124,11,11,2023-10-18,1,34.99,Completed,Japan
1125,117,3,2023-10-26,1,59.99,Completed,USA
1126,117,12,2023-10-26,1,14.99,Completed,USA
1127,655,3,2023-10-19,1,59.99,Completed,USA
1128,560,4,2023-10-25,1,329.99,Completed,USA
1129,15,4,2023-10-12,1,329.99,Completed,Singapore
1130,15,10,2023-10-12,2,249.99,Completed,Singapore
1131,421,6,2023-10-12,1,29.99,Completed,USA
1132,181,2,2023-10-15,1,149.99,Completed,USA
1133,391,7,2023-10-10,1,999.99,Completed,United Kingdom
1134,391,12,2023-10-10,1,14.99,Completed,United Kingdom
1135,391,9,2023-10-10,1,49.99,Completed,United Kingdom
1136,632,5,2023-10-30,1,79.99,Completed,Singapore
1137,516,8,2023-10-19,2,199.99,Completed,Australia
1138,516,1,2023-10-19,2,89.99,Completed,Australia
1139,516,9,2023-10-19,2,49.99,Completed,Australia
1140,721,12,2023-10-26,1,14.99,Completed,USA
1141,721,3,2023-10-26,1,59.99,Completed,USA
1142,815,3,2023-10-30,2,59.99,Completed,Australia
1143,810,9,2023-10-12,1,49.99,Completed,Australia
1144,810,12,2023-10-12,2,14.99,Completed,Australia
1145,810,12,2023-10-12,1,14.99,Completed,Australia
1146,403,7,2023-10-27,2,999.99,Completed,Brazil
1147,178,2,2023-10-13,1,149.99,Completed,United Kingdom
1148,178,9,2023-10-13,1,49.99,Completed,United Kingdom
1149,178,9,2023-10-13,1,49.99,Completed,United Kingdom
1150,331,1,2023-10-07,1,89.99,Completed,Singapore
1151,29,6,2023-10-20,1,29.99,Completed,Brazil
1152,29,7,2023-10-20,1,999.99,Completed,Brazil
1153,252,8,2023-10-24,1,199.99,Completed,USA
1154,252,8,2023-10-24,1,199.99,Completed,USA
1155,269,1,2023-10-29,1,89.99,Completed,Mexico
1156,104,1,2023-10-16,1,89.99,Completed,Japan
1157,104,4,2023-10-16,1,329.99,Completed,Japan
1158,462,4,2023-10-26,1,329.99,Completed,Brazil
1159,33,8,2023-10-04,1,199.99,Completed,Japan
1160,33,2,2023-10-04,1,149.99,Completed,Japan
1161,780,4,2023-10-05,1,329.99,Returned,Germany
1162,226,4,2023-10-03,2,329.99,Completed,USA
1163,226,7,2023-10-03,2,999.99,Completed,USA
1164,410,2,2023-10-30,1,149.99,Completed,Germany
1165,106,4,2023-10-19,1,329.99,Completed,Brazil
1166,106,5,2023-10-19,2,79.99,Completed,Brazil
1167,106,8,2023-10-19,1,199.99,Completed,Brazil
1168,622,6,2023-10-13,1,29.99,Completed,USA
1169,461,3,2023-10-06,2,59.99,Completed,Australia
1170,461,9,2023-10-06,1,49.99,Completed,Australia
1171,461,1,2023-10-06,1,89.99,Completed,Australia
1172,191,2,2023-10-12,1,149.99,Completed,USA
1173,799,4,2023-10-11,1,329.99,Completed,USA
1174,219,11,2023-10-15,1,34.99,Completed,USA
1175,219,6,2023-10-15,1,29.99,Completed,USA
1176,688,7,2023-10-03,2,999.99,Completed,Canada
1177,51,1,2023-10-26,1,89.99,Completed,USA
1178,128,4,2023-10-15,2,329.99,Completed,Germany
1179,22,9,2023-10-10,1,49.99,Completed,USA
1180,38,6,2023-10-29,1,29.99,Completed,USA
1181,72,9,2023-10-16,1,49.99,Completed,United Kingdom
1182,355,9,2023-10-13,2,49.99,Completed,Germany
1183,403,5,2023-10-10,1,79.99,Completed,Brazil
1184,403,4,2023-10-10,1,329.99,Completed,Brazil
1185,331,8,2023-10-28,1,199.99,Completed,Singapore
1186,331,11,2023-10-28,1,34.99,Completed,Singapore
1187,804,12,2023-10-02,1,14.99,Completed,Brazil
1188,832,2,2023-11-13,1,149.99,Completed,France
1189,130,11,2023-11-11,2,34.99,Completed,Germany
1190,130,7,2023-11-11,1,999.99,Completed,Germany
1191,130,7,2023-11-11,1,999.99,Completed,Germany
1192,232,4,2023-11-03,1,329.99,Completed,Brazil
1193,249,10,2023-11-22,1,249.99,Completed,Japan
1194,507,7,2023-11-02,2,999.99,Completed,USA
1195,349,5,2023-11-07,1,79.99,Completed,Germany
1196,349,4,2023-11-07,2,329.99,Completed,Germany
1197,349,10,2023-11-07,1,249.99,Completed,Germany
1198,225,12,2023-11-30,1,14.99,Completed,USA
1199,285,4,2023-11-14,1,329.99,Completed,Germany
1200,110,4,2023-11-24,2,329.99,Completed,Canada
1201,361,6,2023-11-09,1,29.99,Completed,Japan
1202,155,5,2023-11-13,1,79.99,Completed,Singapore
1203,101,7,2023-11-02,1,999.99,Completed,Germany
1204,101,6,2023-11-02,2,29.99,Completed,Germany
1205,101,1,2023-11-02,1,89.99,Completed,Germany
1206,37,8,2023-11-19,1,199.99,Completed,Brazil
1207,415,3,2023-11-13,1,59.99,Completed,France
1208,176,7,2023-11-26,1,999.99,Completed,Australia
1209,516,7,2023-11-30,1,999.99,Completed,Australia
1210,516,4,2023-11-30,2,329.99,Completed,Australia
1211,343,3,2023-11-01,1,59.99,Completed,Canada
1212,779,4,2023-11-28,2,329.99,Completed,United Kingdom
1213,254,9,2023-11-16,1,49.99,Completed,USA
1214,538,2,2023-11-17,1,149.99,Completed,Singapore
1215,824,5,2023-11-24,1,79.99,Completed,Canada
1216,264,4,2023-11-22,1,329.99,Completed,Singapore
1217,342,7,2023-11-29,2,999.99,Completed,Japan
1218,342,1,2023-11-29,2,89.99,Completed,Japan
1219,342,7,2023-11-29,2,999.99,Completed,Japan
1220,369,11,2023-11-07,2,34.99,Completed,Canada
1221,369,12,2023-11-07,2,14.99,Completed,Canada
1222,540,7,2023-11-06,1,999.99,Completed,Germany
1223,428,1,2023-11-09,1,89.99,Completed,Canada
1224,126,8,2023-11-14,1,199.99,Completed,United Kingdom
1225,126,8,2023-11-14,2,199.99,Completed,United Kingdom
1226,126,3,2023-11-14,1,59.99,Completed,United Kingdom
1227,819,1,2023-11-10,1,89.99,Completed,USA
1228,314,7,2023-11-01,1,999.99,Returned,USA
1229,291,12,2023-11-26,1,14.99,Completed,USA
1230,291,8,2023-11-26,1,199.99,Completed,USA
1231,291,2,2023-11-26,1,149.99,Completed,USA
1232,33,9,2023-11-16,2,49.99,Completed,Japan
1233,33,1,2023-11-16,1,89.99,Completed,Japan
1234,178,11,2023-11-19,1,34.99,Completed,United Kingdom
1235,205,6,2023-11-09,1,29.99,Completed,Canada
1236,305,6,2023-11-19,2,29.99,Completed,France
1237,305,10,2023-11-19,1,249.99,Completed,France
1238,453,12,2023-11-23,1,14.99,Completed,Germany
1239,438,4,2023-11-15,1,329.99,Completed,Japan
1240,28,8,2023-11-25,1,199.99,Completed,United Kingdom
1241,383,11,2023-11-05,1,34.99,Completed,USA
1242,403,1,2023-11-05,2,89.99,Completed,Brazil
1243,277,4,2023-11-27,1,329.99,Completed,USA
1244,277,6,2023-11-27,1,29.99,Completed,USA
1245,125,8,2023-11-24,1,199.99,Completed,Japan
1246,125,8,2023-11-24,2,199.99,Completed,Japan
1247,125,2,2023-11-24,1,149.99,Completed,Japan
1248,825,2,2023-11-16,1,149.99,Returned,United Kingdom
1249,619,4,2023-11-29,1,329.99,Completed,USA
1250,125,12,2023-11-10,1,14.99,Completed,Japan
1251,842,7,2023-11-20,2,999.99,Completed,USA
1252,842,1,2023-11-20,1,89.99,Completed,USA
1253,842,7,2023-11-20,1,999.99,Completed,USA
1254,717,5,2023-11-18,1,79.99,Completed,Brazil
1255,603,3,2023-11-16,2,59.99,Completed,Japan
1256,436,4,2023-11-05,2,329.99,Completed,USA
1257,673,11,2023-11-20,1,34.99,Completed,USA
1258,741,12,2023-11-15,1,14.99,Completed,France
1259,516,8,2023-11-07,2,199.99,Completed,Australia
1260,361,5,2023-11-21,1,79.99,Completed,Japan
1261,361,8,2023-11-21,1,199.99,Completed,Japan
1262,70,4,2023-11-30,2,329.99,Completed,Germany
1263,70,2,2023-11-30,1,149.99,Completed,Germany
1264,603,4,2023-11-19,2,329.99,Completed,Japan
1265,238,12,2023-11-04,2,14.99,Completed,USA
1266,238,8,2023-11-04,1,199.99,Completed,USA
1267,394,1,2023-11-25,1,89.99,Completed,Brazil
1268,394,10,2023-11-25,1,249.99,Completed,Brazil
1269,622,4,2023-11-21,2,329.99,Completed,USA
1270,622,7,2023-11-21,1,999.99,Completed,USA
1271,231,9,2023-11-07,1,49.99,Completed,Germany
1272,231,1,2023-11-07,1,89.99,Completed,Germany
1273,144,9,2023-11-29,1,49.99,Completed,Mexico
1274,699,7,2023-11-24,2,999.99,Completed,Germany
1275,699,2,2023-11-24,2,149.99,Completed,Germany
1276,699,4,2023-11-24,1,329.99,Completed,Germany
1277,438,1,2023-11-21,1,89.99,Completed,Japan
1278,530,5,2023-11-10,1,79.99,Completed,USA
1279,230,4,2023-11-27,1,329.99,Returned,Brazil
1280,230,10,2023-11-27,1,249.99,Completed,Brazil
1281,248,7,2023-11-28,1,999.99,Completed,USA
1282,59,7,2023-11-18,1,999.99,Completed,USA
1283,59,1,2023-11-18,2,89.99,Completed,USA
1284,343,2,2023-11-29,1,149.99,Completed,Canada
1285,343,7,2023-11-29,1,999.99,Completed,Canada
1286,75,8,2023-11-26,1,199.99,Completed,Mexico
1287,75,4,2023-11-26,1,329.99,Completed,Mexico
1288,75,7,2023-11-26,1,999.99,Completed,Mexico
1289,490,1,2023-11-10,1,89.99,Returned,Singapore
1290,490,9,2023-11-10,1,49.99,Completed,Singapore
1291,389,6,2023-11-22,1,29.99,Completed,USA
1292,389,4,2023-11-22,1,329.99,Completed,USA
1293,438,5,2023-11-18,1,79.99,Completed,Japan
1294,448,3,2023-11-30,1,59.99,Completed,Singapore
1295,828,12,2023-11-26,1,14.99,Completed,Japan
1296,828,4,2023-11-26,1,329.99,Returned,Japan
1297,617,2,2023-11-21,2,149.99,Completed,Germany
1298,617,1,2023-11-21,1,89.99,Completed,Germany
1299,753,11,2023-11-27,1,34.99,Completed,Canada
1300,799,7,2023-11-18,1,999.99,Completed,USA
1301,555,4,2023-11-17,2,329.99,Completed,Germany
1302,287,2,2023-11-03,1,149.99,Completed,Canada
1303,567,8,2023-11-07,1,199.99,Completed,Canada
1304,241,8,2023-11-23,1,199.99,Returned,Germany
1305,35,4,2023-11-09,1,329.99,Returned,Germany
1306,625,10,2023-11-13,2,249.99,Completed,Canada
1307,389,1,2023-11-06,1,89.99,Completed,USA
1308,389,8,2023-11-06,1,199.99,Completed,USA
1309,389,8,2023-11-06,1,199.99,Completed,USA
1310,269,8,2023-11-26,1,199.99,Completed,Mexico
1311,269,10,2023-11-26,1,249.99,Completed,Mexico
1312,739,5,2023-11-30,1,79.99,Completed,USA
1313,739,4,2023-11-30,1,329.99,Completed,USA
1314,739,1,2023-11-30,1,89.99,Completed,USA
1315,256,6,2023-11-25,1,29.99,Completed,United Kingdom
1316,256,7,2023-11-25,1,999.99,Completed,United Kingdom
1317,271,5,2023-11-28,2,79.99,Returned,Canada
1318,38,10,2023-11-12,1,249.99,Completed,USA
1319,594,7,2023-11-03,1,999.99,Completed,Brazil
1320,452,9,2023-11-06,1,49.99,Completed,USA
1321,131,2,2023-11-08,1,149.99,Completed,United Kingdom
1322,40,6,2023-11-06,1,29.99,Completed,Brazil
1323,40,3,2023-11-06,1,59.99,Completed,Brazil
1324,362,7,2023-11-18,1,999.99,Completed,Singapore
1325,362,3,2023-11-18,1,59.99,Completed,Singapore
1326,362,7,2023-11-18,1,999.99,Completed,Singapore
1327,26,4,2023-11-11,2,329.99,Completed,Australia
1328,482,2,2023-11-10,1,149.99,Completed,United Kingdom
1329,154,1,2023-11-30,1,89.99,Completed,USA
1330,524,9,2023-11-23,1,49.99,Completed,Australia
1331,524,7,2023-11-23,1,999.99,Completed,Australia
1332,524,1,2023-11-23,1,89.99,Completed,Australia
1333,516,4,2023-11-19,1,329.99,Completed,Australia
1334,516,1,2023-11-19,2,89.99,Completed,Australia
1335,516,4,2023-11-19,1,329.99,Completed,Australia
1336,337,3,2023-11-08,1,59.99,Completed,Australia
1337,337,3,2023-11-08,2,59.99,Completed,Australia
1338,518,5,2023-11-03,1,79.99,Completed,France
1339,518,6,2023-11-03,1,29.99,Completed,France
1340,518,11,2023-11-03,1,34.99,Completed,France
1341,350,4,2023-11-11,1,329.99,Completed,Mexico
1342,648,7,2023-11-29,1,999.99,Completed,Japan
1343,648,8,2023-11-29,2,199.99,Completed,Japan
1344,35,8,2023-11-27,1,199.99,Completed,Germany
1345,433,8,2023-11-12,1,199.99,Completed,France
1346,122,7,2023-11-11,1,999.99,Returned,Canada
1347,122,8,2023-11-11,1,199.99,Completed,Canada
1348,461,8,2023-11-24,1,199.99,Completed,Australia
1349,461,8,2023-11-24,1,199.99,Completed,Australia
1350,608,7,2023-11-19,2,999.99,Completed,Brazil
1351,603,3,2023-11-09,2,59.99,Completed,Japan
1352,603,4,2023-11-09,2,329.99,Completed,Japan
1353,43,2,2023-11-27,1,149.99,Completed,Mexico
1354,43,7,2023-11-27,1,999.99,Completed,Mexico
1355,43,2,2023-11-27,1,149.99,Completed,Mexico
1356,230,12,2023-11-29,1,14.99,Completed,Brazil
1357,109,3,2023-11-30,1,59.99,Completed,USA
1358,521,7,2023-11-25,1,999.99,Completed,USA
1359,819,10,2023-11-07,1,249.99,Completed,USA
1360,289,5,2023-11-19,1,79.99,Completed,USA
1361,113,5,2023-11-23,2,79.99,Completed,USA
1362,113,1,2023-11-23,1,89.99,Completed,USA
1363,750,4,2023-11-22,1,329.99,Completed,USA
1364,77,4,2023-11-11,2,329.99,Completed,Germany
1365,526,8,2023-11-22,1,199.99,Completed,United Kingdom
1366,526,7,2023-11-22,1,999.99,Completed,United Kingdom
1367,526,7,2023-11-22,1,999.99,Completed,United Kingdom
1368,226,5,2023-11-22,2,79.99,Completed,USA
1369,135,4,2023-11-07,1,329.99,Completed,USA
1370,135,7,2023-11-07,1,999.99,Completed,USA
1371,241,6,2023-12-21,1,29.99,Completed,Germany
1372,238,5,2023-12-29,2,79.99,Completed,USA
1373,99,11,2023-12-08,1,34.99,Completed,USA
1374,458,4,2023-12-11,1,329.99,Completed,USA
1375,677,4,2023-12-04,1,329.99,Completed,Brazil
1376,825,4,2023-12-28,1,329.99,Returned,United Kingdom
1377,275,10,2023-12-17,2,249.99,Completed,Brazil
1378,791,4,2023-12-11,2,329.99,Completed,United Kingdom
1379,436,1,2023-12-13,2,89.99,Completed,USA
1380,839,4,2023-12-02,1,329.99,Completed,United Kingdom
1381,113,4,2023-12-31,1,329.99,Completed,USA
1382,113,1,2023-12-31,2,89.99,Completed,USA
1383,113,8,2023-12-31,1,199.99,Completed,USA
1384,567,2,2023-12-03,1,149.99,Completed,Canada
1385,567,10,2023-12-03,2,249.99,Completed,Canada
1386,567,3,2023-12-03,1,59.99,Completed,Canada
1387,340,8,2023-12-14,1,199.99,Completed,USA
1388,21,5,2023-12-25,2,79.99,Completed,Japan
1389,21,3,2023-12-25,1,59.99,Completed,Japan
1390,791,3,2023-12-23,1,59.99,Completed,United Kingdom
1391,387,9,2023-12-21,1,49.99,Completed,USA
1392,79,8,2023-12-03,2,199.99,Returned,Germany
1393,761,7,2023-12-27,2,999.99,Completed,Germany
1394,761,4,2023-12-27,1,329.99,Completed,Germany
1395,103,5,2023-12-09,1,79.99,Completed,Brazil
1396,103,4,2023-12-09,1,329.99,Completed,Brazil
1397,103,6,2023-12-09,1,29.99,Completed,Brazil
1398,746,8,2023-12-13,2,199.99,Completed,United Kingdom
1399,746,3,2023-12-13,1,59.99,Completed,United Kingdom
1400,746,4,2023-12-13,1,329.99,Completed,United Kingdom
1401,174,7,2023-12-07,1,999.99,Completed,Germany
1402,174,7,2023-12-07,1,999.99,Completed,Germany
1403,759,4,2023-12-11,2,329.99,Completed,France
1404,759,3,2023-12-11,1,59.99,Completed,France
1405,512,4,2023-12-11,2,329.99,Completed,Japan
1406,512,10,2023-12-11,1,249.99,Completed,Japan
1407,436,8,2023-12-23,1,199.99,Completed,USA
1408,449,8,2023-12-28,2,199.99,Completed,Brazil
1409,449,8,2023-12-28,2,199.99,Completed,Brazil
1410,302,3,2023-12-24,1,59.99,Completed,Australia
1411,302,7,2023-12-24,1,999.99,Completed,Australia
1412,302,12,2023-12-24,1,14.99,Completed,Australia
1413,474,8,2023-12-07,1,199.99,Completed,Canada
1414,474,4,2023-12-07,1,329.99,Completed,Canada
1415,474,4,2023-12-07,1,329.99,Completed,Canada
1416,97,2,2023-12-02,1,149.99,Completed,France
1417,97,4,2023-12-02,1,329.99,Completed,France
1418,97,9,2023-12-02,2,49.99,Completed,France
1419,640,4,2023-12-25,1,329.99,Completed,United Kingdom
1420,287,1,2023-12-06,2,89.99,Completed,Canada
1421,791,3,2023-12-28,2,59.99,Completed,United Kingdom
1422,3,7,2023-12-26,1,999.99,Returned,France
1423,80,5,2023-12-29,2,79.99,Completed,Brazil
1424,80,4,2023-12-29,1,329.99,Completed,Brazil
1425,724,10,2023-12-16,1,249.99,Completed,United Kingdom
1426,620,2,2023-12-27,1,149.99,Completed,Mexico
1427,574,9,2023-12-15,1,49.99,Completed,United Kingdom
1428,357,4,2023-12-06,2,329.99,Completed,Germany
1429,355,7,2023-12-24,1,999.99,Completed,Germany
1430,11,6,2023-12-07,1,29.99,Completed,Japan
1431,337,5,2023-12-04,1,79.99,Completed,Australia
1432,337,3,2023-12-04,2,59.99,Completed,Australia
1433,722,1,2023-12-09,1,89.99,Completed,Mexico
1434,623,2,2023-12-21,1,149.99,Completed,USA
1435,30,8,2023-12-20,1,199.99,Completed,Australia
1436,30,2,2023-12-20,2,149.99,Completed,Australia
1437,123,8,2023-12-02,1,199.99,Completed,France
1438,285,7,2023-12-28,1,999.99,Completed,Germany
1439,689,2,2023-12-28,1,149.99,Completed,Australia
1440,689,8,2023-12-28,1,199.99,Completed,Australia
1441,689,4,2023-12-28,1,329.99,Completed,Australia
1442,706,7,2023-12-17,1,999.99,Completed,USA
1443,121,10,2023-12-11,1,249.99,Completed,USA
1444,475,1,2023-12-03,1,89.99,Completed,Australia
1445,642,4,2023-12-31,1,329.99,Completed,Brazil
1446,253,12,2023-12-10,1,14.99,Completed,Germany
1447,253,8,2023-12-10,1,199.99,Completed,Germany
1448,253,8,2023-12-10,1,199.99,Completed,Germany
1449,324,4,2023-12-14,1,329.99,Completed,Mexico
1450,271,6,2023-12-03,1,29.99,Completed,Canada
1451,461,10,2023-12-27,1,249.99,Completed,Australia
1452,600,6,2023-12-13,2,29.99,Completed,Germany
1453,831,4,2023-12-22,1,329.99,Completed,France
1454,831,9,2023-12-22,1,49.99,Completed,France
1455,33,7,2023-12-30,1,999.99,Completed,Japan
1456,331,7,2023-12-12,1,999.99,Completed,Singapore
1457,331,7,2023-12-12,1,999.99,Completed,Singapore
1458,331,11,2023-12-12,1,34.99,Completed,Singapore
1459,479,1,2023-12-18,2,89.99,Completed,Singapore
1460,409,8,2023-12-16,1,199.99,Completed,Brazil
1461,409,4,2023-12-16,1,329.99,Completed,Brazil
1462,240,1,2023-12-25,2,89.99,Completed,United Kingdom
1463,240,12,2023-12-25,2,14.99,Completed,United Kingdom
1464,240,2,2023-12-25,1,149.99,Completed,United Kingdom
1465,612,2,2023-12-31,1,149.99,Completed,Canada
1466,612,4,2023-12-31,1,329.99,Completed,Canada
1467,612,4,2023-12-31,1,329.99,Completed,Canada
1468,406,7,2023-12-06,1,999.99,Completed,USA
1469,309,3,2023-12-10,1,59.99,Completed,USA
1470,795,2,2023-12-12,1,149.99,Completed,Canada
1471,704,7,2023-12-13,2,999.99,Completed,United Kingdom
1472,704,1,2023-12-13,1,89.99,Completed,United Kingdom
1473,410,3,2023-12-25,2,59.99,Completed,Germany
1474,356,1,2023-12-16,1,89.99,Completed,Australia
1475,356,4,2023-12-16,1,329.99,Completed,Australia
1476,356,4,2023-12-16,1,329.99,Completed,Australia
1477,96,4,2023-12-11,1,329.99,Completed,USA
1478,36,2,2023-12-09,2,149.99,Completed,Mexico
1479,36,10,2023-12-09,2,249.99,Completed,Mexico
1480,355,10,2023-12-22,1,249.99,Completed,Germany
1481,355,2,2023-12-22,2,149.99,Completed,Germany
1482,355,1,2023-12-22,2,89.99,Completed,Germany
1483,311,7,2023-12-14,2,999.99,Completed,USA
1484,485,4,2023-12-23,1,329.99,Completed,Brazil
1485,778,2,2023-12-13,1,149.99,Completed,Canada
1486,778,3,2023-12-13,2,59.99,Completed,Canada
1487,41,4,2023-12-04,1,329.99,Completed,USA
1488,41,4,2023-12-04,1,329.99,Returned,USA
1489,305,1,2023-12-21,1,89.99,Completed,France
1490,406,6,2023-12-08,1,29.99,Completed,USA
1491,649,3,2023-12-16,2,59.99,Completed,Mexico
1492,846,4,2023-12-29,2,329.99,Returned,Brazil
1493,846,7,2023-12-29,1,999.99,Completed,Brazil
1494,846,1,2023-12-29,1,89.99,Returned,Brazil
1495,264,10,2023-12-24,2,249.99,Completed,Singapore
1496,264,6,2023-12-24,1,29.99,Completed,Singapore
1497,711,6,2023-12-26,1,29.99,Completed,USA
1498,448,3,2023-12-09,1,59.99,Completed,Singapore
1499,448,11,2023-12-09,1,34.99,Completed,Singapore
1500,417,4,2023-12-07,1,329.99,Completed,Germany
1501,474,8,2023-12-20,1,199.99,Completed,Canada
1502,474,7,2023-12-20,2,999.99,Completed,Canada
1503,474,4,2023-12-20,2,329.99,Completed,Canada
1504,349,5,2023-12-11,2,79.99,Completed,Germany
1505,216,4,2023-12-18,2,329.99,Returned,Singapore
1506,216,10,2023-12-18,1,249.99,Completed,Singapore
1507,216,6,2023-12-18,1,29.99,Completed,Singapore
1508,299,7,2023-12-25,1,999.99,Completed,USA
1509,599,6,2023-12-06,2,29.99,Completed,USA
1510,24,8,2023-12-25,1,199.99,Completed,USA
1511,24,6,2023-12-25,2,29.99,Completed,USA
1512,24,10,2023-12-25,1,249.99,Completed,USA
1513,217,2,2023-12-04,1,149.99,Completed,United Kingdom
1514,753,4,2023-12-13,1,329.99,Completed,Canada
1515,614,4,2023-12-09,1,329.99,Completed,Australia
1516,704,7,2023-12-31,2,999.99,Completed,United Kingdom
1517,704,8,2023-12-31,2,199.99,Completed,United Kingdom
1518,704,1,2023-12-31,1,89.99,Completed,United Kingdom
1519,700,6,2023-12-30,2,29.99,Completed,USA
1520,30,7,2023-12-20,1,999.99,Completed,Australia
1521,750,7,2023-12-14,1,999.99,Completed,USA
1522,750,7,2023-12-14,1,999.99,Completed,USA
1523,399,2,2023-12-18,1,149.99,Completed,Germany
1524,741,5,2023-12-28,1,79.99,Completed,France
1525,301,6,2023-12-03,2,29.99,Completed,Brazil
1526,301,7,2023-12-03,1,999.99,Completed,Brazil
1527,513,7,2023-12-21,1,999.99,Completed,Brazil
1528,164,12,2023-12-08,1,14.99,Completed,France
1529,417,5,2023-12-28,2,79.99,Completed,Germany
1530,428,8,2023-12-31,1,199.99,Completed,Canada
1531,622,1,2023-12-21,2,89.99,Completed,USA
1532,622,9,2023-12-21,1,49.99,Completed,USA
1533,622,5,2023-12-21,2,79.99,Completed,USA
1534,150,9,2023-12-28,1,49.99,Completed,USA
1535,673,4,2023-12-11,2,329.99,Completed,USA
1536,76,8,2023-12-15,1,199.99,Completed,USA
1537,76,4,2023-12-15,2,329.99,Completed,USA
1538,37,4,2023-12-25,1,329.99,Completed,Brazil
1539,299,6,2023-12-10,1,29.99,Completed,USA
1540,299,5,2023-12-10,1,79.99,Completed,USA
1541,825,7,2023-12-23,2,999.99,Completed,United Kingdom
1542,234,4,2023-12-01,1,329.99,Completed,Germany
1543,234,8,2023-12-01,2,199.99,Completed,Germany
1544,234,11,2023-12-01,1,34.99,Completed,Germany
1545,602,6,2023-12-28,2,29.99,Completed,Canada
1546,497,6,2023-12-21,1,29.99,Completed,USA
1547,389,4,2023-12-01,1,329.99,Completed,USA
1548,389,2,2023-12-01,1,149.99,Completed,USA
1549,584,10,2023-12-30,1,249.99,Completed,France
1550,584,1,2023-12-30,1,89.99,Completed,France
1551,278,6,2023-12-18,1,29.99,Completed,Canada
1552,278,1,2023-12-18,1,89.99,Completed,Canada
1553,278,9,2023-12-18,1,49.99,Completed,Canada
1554,234,1,2023-12-23,1,89.99,Completed,Germany
1555,234,1,2023-12-23,1,89.99,Completed,Germany
1556,66,4,2023-12-29,1,329.99,Completed,USA
1557,66,7,2023-12-29,2,999.99,Completed,USA
1558,66,6,2023-12-29,1,29.99,Completed,USA
1559,650,1,2023-12-03,1,89.99,Completed,Japan
1560,604,6,2023-12-07,2,29.99,Completed,Brazil
1561,604,11,2023-12-07,1,34.99,Completed,Brazil
1562,774,8,2023-12-15,1,199.99,Completed,Germany
1563,774,2,2023-12-15,2,149.99,Completed,Germany
1564,661,6,2023-12-10,1,29.99,Completed,Singapore
1565,516,12,2023-12-10,1,14.99,Completed,Australia
1566,516,12,2023-12-10,2,14.99,Completed,Australia
1567,779,11,2023-12-14,2,34.99,Completed,United Kingdom
1568,779,9,2023-12-14,1,49.99,Completed,United Kingdom
1569,219,4,2023-12-10,2,329.99,Completed,USA
1570,219,6,2023-12-10,1,29.99,Completed,USA
1571,406,2,2023-12-26,1,149.99,Completed,USA
1572,529,4,2023-12-16,1,329.99,Completed,Singapore
1573,529,4,2023-12-16,1,329.99,Completed,Singapore
1574,764,4,2023-12-11,2,329.99,Completed,USA
1575,781,12,2023-12-31,1,14.99,Completed,USA
1576,468,8,2023-12-25,1,199.99,Completed,Japan
1577,383,9,2023-12-01,1,49.99,Completed,USA
1578,757,5,2023-12-07,1,79.99,Completed,Canada
1579,757,3,2023-12-07,1,59.99,Completed,Canada
1580,757,12,2023-12-07,2,14.99,Completed,Canada
1581,676,5,2023-12-13,1,79.99,Completed,USA
1582,676,7,2023-12-13,1,999.99,Completed,USA
1583,676,7,2023-12-13,1,999.99,Completed,USA
1584,449,5,2023-12-30,1,79.99,Completed,Brazil
1585,155,2,2023-12-19,1,149.99,Completed,Singapore
1586,336,3,2023-12-19,1,59.99,Completed,USA
1587,336,8,2023-12-19,1,199.99,Completed,USA
1588,336,7,2023-12-19,1,999.99,Completed,USA
1589,342,7,2023-12-07,1,999.99,Completed,Japan
1590,342,9,2023-12-07,1,49.99,Completed,Japan
1591,342,7,2023-12-07,1,999.99,Returned,Japan
1592,818,3,2023-12-11,1,59.99,Completed,Germany
1593,818,8,2023-12-11,1,199.99,Completed,Germany
1594,116,5,2023-12-18,1,79.99,Completed,Brazil
1595,196,8,2023-12-25,1,199.99,Completed,United Kingdom
1596,757,2,2024-01-05,1,149.99,Completed,Canada
1597,757,9,2024-01-05,2,49.99,Completed,Canada
1598,412,4,2024-01-19,2,329.99,Completed,United Kingdom
1599,229,6,2024-01-19,1,29.99,Completed,Japan
1600,229,6,2024-01-19,1,29.99,Completed,Japan
1601,591,2,2024-01-05,1,149.99,Completed,USA
1602,617,6,2024-01-31,1,29.99,Completed,Germany
1603,617,4,2024-01-31,1,329.99,Completed,Germany
1604,239,1,2024-01-30,2,89.99,Completed,Mexico
1605,239,12,2024-01-30,1,14.99,Completed,Mexico
1606,762,1,2024-01-28,2,89.99,Completed,Singapore
1607,762,2,2024-01-28,2,149.99,Completed,Singapore
1608,128,11,2024-01-03,1,34.99,Completed,Germany
1609,128,2,2024-01-03,2,149.99,Completed,Germany
1610,128,4,2024-01-03,1,329.99,Completed,Germany
1611,216,5,2024-01-03,1,79.99,Completed,Singapore
1612,216,1,2024-01-03,2,89.99,Completed,Singapore
1613,410,4,2024-01-31,1,329.99,Completed,Germany
1614,410,4,2024-01-31,1,329.99,Completed,Germany
1615,87,4,2024-01-21,2,329.99,Returned,Germany
1616,282,4,2024-01-24,1,329.99,Completed,USA
1617,182,6,2024-01-19,1,29.99,Completed,Australia
1618,781,9,2024-01-02,1,49.99,Completed,USA
1619,162,12,2024-01-14,1,14.99,Completed,Mexico
1620,186,9,2024-01-12,1,49.99,Completed,Germany
1621,186,4,2024-01-12,1,329.99,Completed,Germany
1622,30,1,2024-01-26,2,89.99,Completed,Australia
1623,148,6,2024-01-30,1,29.99,Completed,Australia
1624,229,1,2024-01-03,2,89.99,Completed,Japan
1625,426,2,2024-01-28,1,149.99,Completed,Canada
1626,426,5,2024-01-28,1,79.99,Completed,Canada
1627,673,7,2024-01-18,1,999.99,Completed,USA
1628,585,4,2024-01-07,1,329.99,Completed,USA
1629,414,3,2024-01-10,1,59.99,Completed,USA
1630,414,7,2024-01-10,1,999.99,Completed,USA
1631,474,6,2024-01-22,1,29.99,Completed,Canada
1632,474,4,2024-01-22,1,329.99,Completed,Canada
1633,474,1,2024-01-22,2,89.99,Completed,Canada
1634,15,10,2024-01-05,1,249.99,Completed,Singapore
1635,331,10,2024-01-01,1,249.99,Completed,Singapore
1636,331,6,2024-01-01,2,29.99,Completed,Singapore
1637,451,8,2024-01-04,1,199.99,Completed,Japan
1638,451,11,2024-01-04,1,34.99,Completed,Japan
1639,451,10,2024-01-04,2,249.99,Completed,Japan
1640,782,9,2024-01-17,2,49.99,Completed,USA
1641,130,5,2024-01-04,1,79.99,Completed,Germany
1642,730,4,2024-01-10,2,329.99,Completed,Australia
1643,85,7,2024-01-31,1,999.99,Completed,USA
1644,85,2,2024-01-31,1,149.99,Completed,USA
1645,85,6,2024-01-31,1,29.99,Completed,USA
1646,711,4,2024-01-31,1,329.99,Completed,USA
1647,711,7,2024-01-31,1,999.99,Completed,USA
1648,770,12,2024-01-23,2,14.99,Completed,USA
1649,286,4,2024-01-02,2,329.99,Completed,USA
1650,286,5,2024-01-02,1,79.99,Completed,USA
1651,308,8,2024-01-01,1,199.99,Completed,Canada
1652,752,1,2024-01-20,2,89.99,Completed,Germany
1653,493,12,2024-01-27,1,14.99,Completed,Canada
1654,401,10,2024-01-19,1,249.99,Completed,USA
1655,283,8,2024-01-05,1,199.99,Completed,Mexico
1656,283,2,2024-01-05,1,149.99,Completed,Mexico
1657,121,1,2024-01-17,2,89.99,Completed,USA
1658,449,8,2024-01-10,2,199.99,Completed,Brazil
1659,449,8,2024-01-10,1,199.99,Completed,Brazil
1660,449,7,2024-01-10,1,999.99,Completed,Brazil
1661,727,8,2024-01-23,1,199.99,Completed,USA
1662,727,8,2024-01-23,1,199.99,Completed,USA
1663,432,10,2024-01-02,1,249.99,Completed,Singapore
1664,283,5,2024-01-29,2,79.99,Completed,Mexico
1665,258,1,2024-01-12,2,89.99,Completed,United Kingdom
1666,507,3,2024-01-08,2,59.99,Completed,USA
1667,507,4,2024-01-08,2,329.99,Completed,USA
1668,507,7,2024-01-08,1,999.99,Completed,USA
1669,783,7,2024-01-08,2,999.99,Completed,Japan
1670,41,10,2024-01-12,1,249.99,Completed,USA
1671,41,7,2024-01-12,2,999.99,Returned,USA
1672,581,12,2024-01-06,1,14.99,Completed,Mexico
1673,822,4,2024-01-01,1,329.99,Completed,Singapore
1674,822,12,2024-01-01,1,14.99,Completed,Singapore
1675,49,12,2024-01-11,1,14.99,Completed,USA
1676,572,4,2024-01-25,2,329.99,Completed,France
1677,572,2,2024-01-25,2,149.99,Completed,France
1678,572,7,2024-01-25,1,999.99,Completed,France
1679,93,7,2024-01-21,1,999.99,Completed,USA
1680,208,4,2024-01-09,2,329.99,Completed,Mexico
1681,208,8,2024-01-09,1,199.99,Completed,Mexico
1682,115,11,2024-01-07,1,34.99,Completed,Canada
1683,183,1,2024-01-13,1,89.99,Completed,Canada
1684,613,10,2024-01-30,1,249.99,Completed,Japan
1685,613,8,2024-01-30,2,199.99,Completed,Japan
1686,818,12,2024-01-10,1,14.99,Completed,Germany
1687,846,4,2024-01-02,1,329.99,Completed,Brazil
1688,225,4,2024-01-08,1,329.99,Completed,USA
1689,225,10,2024-01-08,2,249.99,Completed,USA
1690,197,6,2024-01-14,2,29.99,Completed,USA
1691,397,9,2024-01-24,1,49.99,Completed,Singapore
1692,380,7,2024-01-12,1,999.99,Completed,Brazil
1693,380,10,2024-01-12,1,249.99,Completed,Brazil
1694,99,8,2024-01-30,1,199.99,Completed,USA
1695,99,9,2024-01-30,1,49.99,Completed,USA
1696,99,8,2024-01-30,1,199.99,Completed,USA
1697,472,7,2024-01-20,1,999.99,Completed,Canada
1698,176,7,2024-01-01,1,999.99,Completed,Australia
1699,176,8,2024-01-01,1,199.99,Completed,Australia
1700,176,12,2024-01-01,1,14.99,Completed,Australia
1701,722,2,2024-01-25,2,149.99,Completed,Mexico
1702,722,8,2024-01-25,1,199.99,Completed,Mexico
1703,584,2,2024-01-26,1,149.99,Completed,France
1704,584,1,2024-01-26,1,89.99,Completed,France
1705,73,4,2024-01-20,1,329.99,Completed,USA
1706,255,10,2024-01-20,1,249.99,Completed,Japan
1707,255,7,2024-01-20,1,999.99,Completed,Japan
1708,397,8,2024-01-26,1,199.99,Completed,Singapore
1709,188,2,2024-01-04,2,149.99,Completed,France
1710,512,4,2024-01-03,1,329.99,Completed,Japan
1711,663,5,2024-01-21,1,79.99,Completed,USA
1712,21,12,2024-01-29,1,14.99,Completed,Japan
1713,173,1,2024-02-01,1,89.99,Completed,USA
1714,173,1,2024-02-01,1,89.99,Completed,USA
1715,173,12,2024-02-01,1,14.99,Completed,USA
1716,549,10,2024-02-07,1,249.99,Completed,USA
1717,549,11,2024-02-07,1,34.99,Completed,USA
1718,40,9,2024-02-18,1,49.99,Completed,Brazil
1719,40,1,2024-02-18,1,89.99,Completed,Brazil
1720,172,2,2024-02-29,1,149.99,Completed,Singapore
1721,346,10,2024-02-15,2,249.99,Completed,Germany
1722,346,7,2024-02-15,1,999.99,Completed,Germany
1723,346,4,2024-02-15,1,329.99,Completed,Germany
1724,503,4,2024-02-07,2,329.99,Completed,Canada
1725,503,11,2024-02-07,1,34.99,Completed,Canada
1726,94,6,2024-02-22,2,29.99,Completed,United Kingdom
1727,94,3,2024-02-22,1,59.99,Completed,United Kingdom
1728,94,12,2024-02-22,2,14.99,Completed,United Kingdom
1729,503,4,2024-02-01,2,329.99,Completed,Canada
1730,314,8,2024-02-16,1,199.99,Completed,USA
1731,314,1,2024-02-16,1,89.99,Completed,USA
1732,602,2,2024-02-24,1,149.99,Completed,Canada
1733,602,6,2024-02-24,1,29.99,Completed,Canada
1734,602,4,2024-02-24,1,329.99,Completed,Canada
1735,844,8,2024-02-27,1,199.99,Completed,Germany
1736,844,8,2024-02-27,1,199.99,Completed,Germany
1737,730,2,2024-02-11,1,149.99,Completed,Australia
1738,47,8,2024-02-13,1,199.99,Returned,Japan
1739,247,12,2024-02-22,2,14.99,Completed,Germany
1740,247,7,2024-02-22,1,999.99,Completed,Germany
1741,265,6,2024-02-29,1,29.99,Completed,Singapore
1742,265,11,2024-02-29,1,34.99,Completed,Singapore
1743,265,1,2024-02-29,2,89.99,Completed,Singapore
1744,195,7,2024-02-27,2,999.99,Returned,Canada
1745,195,8,2024-02-27,1,199.99,Completed,Canada
1746,229,1,2024-02-03,2,89.99,Completed,Japan
1747,336,4,2024-02-06,2,329.99,Completed,USA
1748,336,3,2024-02-06,1,59.99,Completed,USA
1749,207,5,2024-02-03,1,79.99,Completed,Japan
1750,37,1,2024-02-16,1,89.99,Completed,Brazil
1751,781,4,2024-02-23,1,329.99,Completed,USA
1752,781,7,2024-02-23,1,999.99,Completed,USA
1753,194,4,2024-02-25,1,329.99,Completed,Germany
1754,350,4,2024-02-28,1,329.99,Completed,Mexico
1755,350,1,2024-02-28,2,89.99,Completed,Mexico
1756,299,2,2024-02-17,1,149.99,Completed,USA
1757,739,5,2024-02-15,1,79.99,Completed,USA
1758,295,6,2024-02-18,1,29.99,Completed,France
1759,67,1,2024-02-14,1,89.99,Completed,Brazil
1760,330,11,2024-02-12,1,34.99,Returned,USA
1761,4,4,2024-02-19,1,329.99,Completed,USA
1762,781,6,2024-02-21,1,29.99,Completed,USA
1763,586,8,2024-02-21,2,199.99,Completed,Australia
1764,700,12,2024-02-16,2,14.99,Completed,USA
1765,700,4,2024-02-16,1,329.99,Completed,USA
1766,398,8,2024-02-09,2,199.99,Completed,USA
1767,398,2,2024-02-09,2,149.99,Completed,USA
1768,555,4,2024-02-28,1,329.99,Completed,Germany
1769,432,8,2024-02-29,2,199.99,Completed,Singapore
1770,475,7,2024-02-12,1,999.99,Completed,Australia
1771,211,2,2024-02-08,1,149.99,Completed,Mexico
1772,676,11,2024-02-26,2,34.99,Completed,USA
1773,219,1,2024-02-13,2,89.99,Completed,USA
1774,794,1,2024-02-28,1,89.99,Completed,France
1775,676,2,2024-02-13,2,149.99,Returned,USA
1776,676,2,2024-02-13,1,149.99,Completed,USA
1777,764,2,2024-02-22,2,149.99,Completed,USA
1778,203,5,2024-02-05,1,79.99,Completed,Canada
1779,499,6,2024-02-11,1,29.99,Completed,Mexico
1780,499,1,2024-02-11,1,89.99,Completed,Mexico
1781,499,4,2024-02-11,1,329.99,Completed,Mexico
1782,208,2,2024-02-24,1,149.99,Completed,Mexico
1783,324,4,2024-02-19,1,329.99,Completed,Mexico
1784,324,4,2024-02-19,1,329.99,Completed,Mexico
1785,420,5,2024-02-06,1,79.99,Completed,Mexico
1786,420,12,2024-02-06,1,14.99,Completed,Mexico
1787,420,1,2024-02-06,2,89.99,Completed,Mexico
1788,786,12,2024-02-01,1,14.99,Completed,Australia
1789,599,11,2024-02-19,2,34.99,Completed,USA
1790,581,11,2024-02-12,1,34.99,Completed,Mexico
1791,581,7,2024-02-12,2,999.99,Completed,Mexico
1792,810,7,2024-02-22,1,999.99,Completed,Australia
1793,86,9,2024-02-12,1,49.99,Completed,Brazil
1794,605,10,2024-02-14,1,249.99,Completed,Brazil
1795,605,11,2024-02-14,1,34.99,Completed,Brazil
1796,665,5,2024-02-08,2,79.99,Completed,France
1797,665,3,2024-02-08,2,59.99,Completed,France
1798,341,10,2024-02-18,1,249.99,Completed,United Kingdom
1799,20,11,2024-02-10,2,34.99,Completed,USA
1800,712,4,2024-02-22,1,329.99,Completed,Japan
1801,803,4,2024-02-14,1,329.99,Completed,USA
1802,566,3,2024-02-07,2,59.99,Completed,Canada
1803,87,10,2024-02-26,1,249.99,Returned,Germany
1804,87,2,2024-02-26,1,149.99,Completed,Germany
1805,182,6,2024-02-12,1,29.99,Completed,Australia
1806,78,7,2024-02-01,1,999.99,Completed,United Kingdom
1807,78,5,2024-02-01,1,79.99,Completed,United Kingdom
1808,78,8,2024-02-01,1,199.99,Completed,United Kingdom
1809,94,8,2024-02-23,1,199.99,Completed,United Kingdom
1810,94,7,2024-02-23,1,999.99,Completed,United Kingdom
1811,620,3,2024-02-23,1,59.99,Completed,Mexico
1812,82,2,2024-02-06,1,149.99,Completed,Germany
1813,82,8,2024-02-06,1,199.99,Completed,Germany
1814,330,4,2024-02-25,1,329.99,Completed,USA
1815,330,5,2024-02-25,1,79.99,Completed,USA
1816,257,3,2024-02-27,1,59.99,Completed,Germany
1817,258,1,2024-02-10,2,89.99,Completed,United Kingdom
1818,258,8,2024-02-10,2,199.99,Completed,United Kingdom
1819,783,12,2024-02-29,1,14.99,Completed,Japan
1820,783,11,2024-02-29,1,34.99,Completed,Japan
1821,462,4,2024-02-12,1,329.99,Completed,Brazil
1822,462,4,2024-02-12,1,329.99,Completed,Brazil
1823,420,11,2024-02-15,2,34.99,Completed,Mexico
1824,420,5,2024-02-15,1,79.99,Completed,Mexico
1825,26,4,2024-02-28,1,329.99,Completed,Australia
1826,15,11,2024-02-14,1,34.99,Completed,Singapore
1827,15,2,2024-02-14,1,149.99,Returned,Singapore
1828,15,5,2024-02-14,1,79.99,Completed,Singapore
1829,23,7,2024-02-16,1,999.99,Completed,Germany
1830,164,4,2024-02-16,1,329.99,Completed,France
1831,164,3,2024-02-16,1,59.99,Completed,France
1832,503,2,2024-02-01,1,149.99,Completed,Canada
1833,503,4,2024-02-01,1,329.99,Completed,Canada
1834,503,6,2024-02-01,1,29.99,Completed,Canada
1835,706,7,2024-02-28,2,999.99,Completed,USA
1836,215,7,2024-02-11,2,999.99,Completed,USA
1837,215,6,2024-02-11,1,29.99,Completed,USA
1838,131,12,2024-02-11,1,14.99,Completed,United Kingdom
1839,131,7,2024-02-11,1,999.99,Completed,United Kingdom
1840,131,5,2024-02-11,1,79.99,Completed,United Kingdom
1841,394,4,2024-03-25,2,329.99,Completed,Brazil
1842,746,4,2024-03-09,1,329.99,Completed,United Kingdom
1843,373,3,2024-03-28,1,59.99,Completed,USA
1844,373,5,2024-03-28,1,79.99,Completed,USA
1845,497,6,2024-03-11,1,29.99,Completed,USA
1846,612,8,2024-03-20,1,199.99,Completed,Canada
1847,517,4,2024-03-10,1,329.99,Completed,Germany
1848,210,7,2024-03-05,2,999.99,Completed,Japan
1849,152,2,2024-03-15,2,149.99,Completed,Japan
1850,152,7,2024-03-15,1,999.99,Completed,Japan
1851,152,7,2024-03-15,1,999.99,Completed,Japan
1852,335,2,2024-03-18,2,149.99,Completed,Japan
1853,644,4,2024-03-14,1,329.99,Completed,Australia
1854,779,6,2024-03-02,1,29.99,Completed,United Kingdom
1855,779,8,2024-03-02,1,199.99,Completed,United Kingdom
1856,144,2,2024-03-05,1,149.99,Completed,Mexico
1857,369,4,2024-03-12,1,329.99,Completed,Canada
1858,64,9,2024-03-17,1,49.99,Completed,USA
1859,92,2,2024-03-27,1,149.99,Completed,USA
1860,58,1,2024-03-21,1,89.99,Completed,Japan
1861,58,1,2024-03-21,1,89.99,Completed,Japan
1862,141,8,2024-03-17,2,199.99,Completed,Australia
1863,425,2,2024-03-18,1,149.99,Completed,Australia
1864,597,8,2024-03-16,1,199.99,Completed,France
1865,218,11,2024-03-05,1,34.99,Completed,USA
1866,384,10,2024-03-17,1,249.99,Completed,Germany
1867,403,4,2024-03-04,2,329.99,Completed,Brazil
1868,403,7,2024-03-04,1,999.99,Completed,Brazil
1869,707,7,2024-03-22,1,999.99,Completed,USA
1870,664,4,2024-03-21,1,329.99,Returned,Germany
1871,850,5,2024-03-06,2,79.99,Completed,Germany
1872,850,4,2024-03-06,1,329.99,Completed,Germany
1873,612,10,2024-03-10,1,249.99,Completed,Canada
1874,612,1,2024-03-10,1,89.99,Completed,Canada
1875,612,7,2024-03-10,1,999.99,Completed,Canada
1876,1,4,2024-03-10,1,329.99,Completed,USA
1877,434,4,2024-03-24,1,329.99,Completed,USA
1878,434,2,2024-03-24,2,149.99,Completed,USA
1879,820,11,2024-03-30,1,34.99,Completed,Brazil
1880,179,8,2024-03-01,2,199.99,Completed,Canada
1881,594,3,2024-03-23,2,59.99,Completed,Brazil
1882,157,7,2024-03-07,1,999.99,Returned,Australia
1883,477,1,2024-03-14,1,89.99,Completed,Singapore
1884,288,5,2024-03-23,1,79.99,Returned,United Kingdom
1885,279,8,2024-03-31,1,199.99,Completed,Singapore
1886,279,1,2024-03-31,2,89.99,Completed,Singapore
1887,720,10,2024-03-16,1,249.99,Completed,Brazil
1888,720,1,2024-03-16,1,89.99,Completed,Brazil
1889,720,5,2024-03-16,1,79.99,Completed,Brazil
1890,381,4,2024-03-24,1,329.99,Completed,Japan
1891,381,4,2024-03-24,1,329.99,Completed,Japan
1892,689,6,2024-03-25,1,29.99,Completed,Australia
1893,689,3,2024-03-25,1,59.99,Completed,Australia
1894,689,5,2024-03-25,1,79.99,Completed,Australia
1895,641,6,2024-03-05,1,29.99,Completed,Japan
1896,588,9,2024-03-05,2,49.99,Completed,USA
1897,588,4,2024-03-05,1,329.99,Completed,USA
1898,558,1,2024-03-02,1,89.99,Completed,United Kingdom
1899,558,8,2024-03-02,2,199.99,Completed,United Kingdom
1900,558,6,2024-03-02,2,29.99,Completed,United Kingdom
1901,225,7,2024-03-19,1,999.99,Completed,USA
1902,711,1,2024-03-29,1,89.99,Completed,USA
1903,711,11,2024-03-29,1,34.99,Completed,USA
1904,711,4,2024-03-29,1,329.99,Completed,USA
1905,99,1,2024-03-31,1,89.99,Completed,USA
1906,99,2,2024-03-31,1,149.99,Completed,USA
1907,122,4,2024-03-14,1,329.99,Completed,Canada
1908,122,4,2024-03-14,2,329.99,Completed,Canada
1909,122,7,2024-03-14,1,999.99,Completed,Canada
1910,262,9,2024-03-23,1,49.99,Completed,Brazil
1911,360,12,2024-03-31,2,14.99,Completed,Japan
1912,360,5,2024-03-31,1,79.99,Completed,Japan
1913,95,10,2024-03-03,1,249.99,Completed,USA
1914,768,12,2024-03-11,1,14.99,Completed,Japan
1915,566,2,2024-03-25,2,149.99,Completed,Canada
1916,566,8,2024-03-25,1,199.99,Completed,Canada
1917,515,8,2024-03-06,2,199.99,Completed,Mexico
1918,549,7,2024-03-21,2,999.99,Completed,USA
1919,549,1,2024-03-21,1,89.99,Completed,USA
1920,79,3,2024-03-07,2,59.99,Completed,Germany
1921,670,4,2024-03-29,1,329.99,Completed,Canada
1922,349,3,2024-03-28,2,59.99,Completed,Germany
1923,349,12,2024-03-28,1,14.99,Completed,Germany
1924,143,6,2024-03-05,2,29.99,Completed,Germany
1925,143,9,2024-03-05,2,49.99,Returned,Germany
1926,143,6,2024-03-05,1,29.99,Completed,Germany
1927,109,3,2024-03-14,2,59.99,Completed,USA
1928,90,4,2024-03-09,2,329.99,Completed,Brazil
1929,90,4,2024-03-09,1,329.99,Completed,Brazil
1930,90,7,2024-03-09,2,999.99,Completed,Brazil
1931,270,9,2024-03-16,1,49.99,Completed,USA
1932,119,8,2024-03-18,1,199.99,Returned,Japan
1933,523,6,2024-03-26,1,29.99,Completed,USA
1934,10,4,2024-03-10,1,329.99,Completed,Singapore
1935,10,9,2024-03-10,1,49.99,Completed,Singapore
1936,490,2,2024-03-16,1,149.99,Completed,Singapore
1937,131,10,2024-03-28,1,249.99,Completed,United Kingdom
1938,75,7,2024-03-19,2,999.99,Completed,Mexico
1939,231,1,2024-03-27,2,89.99,Completed,Germany
1940,405,8,2024-03-01,1,199.99,Completed,USA
1941,231,7,2024-03-24,2,999.99,Completed,Germany
1942,231,8,2024-03-24,1,199.99,Completed,Germany
1943,534,1,2024-03-10,1,89.99,Completed,USA
1944,576,9,2024-03-03,1,49.99,Completed,United Kingdom
1945,576,4,2024-03-03,2,329.99,Completed,United Kingdom
1946,350,4,2024-03-10,1,329.99,Completed,Mexico
1947,350,5,2024-03-10,2,79.99,Completed,Mexico
1948,350,10,2024-03-10,1,249.99,Completed,Mexico
1949,94,4,2024-03-23,1,329.99,Completed,United Kingdom
1950,296,11,2024-03-20,1,34.99,Completed,Germany
1951,296,4,2024-03-20,1,329.99,Completed,Germany
1952,286,7,2024-03-09,1,999.99,Completed,USA
1953,143,2,2024-03-26,1,149.99,Completed,Germany
1954,143,6,2024-03-26,1,29.99,Completed,Germany
1955,596,8,2024-03-17,1,199.99,Completed,USA
1956,211,2,2024-03-20,2,149.99,Completed,Mexico
1957,211,4,2024-03-20,1,329.99,Completed,Mexico
1958,471,3,2024-03-18,1,59.99,Completed,USA
1959,386,4,2024-03-27,1,329.99,Completed,Canada
1960,261,12,2024-03-30,1,14.99,Completed,USA
1961,431,12,2024-03-07,2,14.99,Completed,Canada
1962,448,2,2024-03-13,1,149.99,Completed,Singapore
1963,43,1,2024-03-28,1,89.99,Completed,Mexico
1964,99,2,2024-03-30,1,149.99,Returned,USA
1965,99,4,2024-03-30,1,329.99,Completed,USA
1966,247,7,2024-03-08,1,999.99,Completed,Germany
1967,156,4,2024-03-01,1,329.99,Completed,Germany
1968,393,1,2024-03-07,1,89.99,Completed,Germany
1969,759,9,2024-03-20,1,49.99,Completed,France
1970,759,10,2024-03-20,1,249.99,Completed,France
1971,625,4,2024-03-06,1,329.99,Completed,Canada
1972,625,7,2024-03-06,2,999.99,Completed,Canada
1973,84,2,2024-03-14,2,149.99,Completed,USA
1974,84,7,2024-03-14,1,999.99,Completed,USA
1975,537,5,2024-03-11,2,79.99,Completed,France
1976,148,10,2024-03-23,2,249.99,Completed,Australia
1977,414,4,2024-03-07,1,329.99,Completed,USA
1978,298,7,2024-03-29,2,999.99,Completed,United Kingdom
1979,577,5,2024-03-08,1,79.99,Completed,USA
1980,577,4,2024-03-08,2,329.99,Completed,USA
1981,435,4,2024-03-03,1,329.99,Completed,Canada
1982,491,10,2024-03-06,1,249.99,Completed,Germany
1983,391,3,2024-03-12,1,59.99,Completed,United Kingdom
1984,713,1,2024-03-18,1,89.99,Completed,USA
1985,301,10,2024-03-05,1,249.99,Completed,Brazil
1986,301,4,2024-03-05,1,329.99,Completed,Brazil
1987,95,7,2024-03-20,1,999.99,Completed,USA
1988,482,2,2024-03-31,1,149.99,Completed,United Kingdom
1989,201,9,2024-03-20,1,49.99,Completed,Canada
1990,201,2,2024-03-20,1,149.99,Completed,Canada
1991,567,2,2024-03-25,1,149.99,Completed,Canada
1992,9,5,2024-04-11,1,79.99,Completed,USA
1993,9,11,2024-04-11,2,34.99,Completed,USA
1994,50,2,2024-04-16,1,149.99,Completed,France
1995,252,7,2024-04-15,1,999.99,Returned,USA
1996,387,5,2024-04-05,2,79.99,Completed,USA
1997,405,11,2024-04-18,2,34.99,Completed,USA
1998,405,4,2024-04-18,2,329.99,Completed,USA
1999,418,5,2024-04-06,1,79.99,Completed,Canada
2000,615,7,2024-04-12,2,999.99,Completed,USA
2001,615,4,2024-04-12,1,329.99,Completed,USA
2002,204,4,2024-04-25,1,329.99,Completed,USA
2003,777,9,2024-04-24,2,49.99,Completed,USA
2004,17,5,2024-04-29,2,79.99,Completed,USA
2005,730,2,2024-04-15,1,149.99,Completed,Australia
2006,53,11,2024-04-08,1,34.99,Completed,USA
2007,53,4,2024-04-08,2,329.99,Completed,USA
2008,53,6,2024-04-08,1,29.99,Completed,USA
2009,491,2,2024-04-03,1,149.99,Returned,Germany
2010,104,3,2024-04-05,1,59.99,Completed,Japan
2011,104,7,2024-04-05,1,999.99,Returned,Japan
2012,104,4,2024-04-05,2,329.99,Completed,Japan
2013,335,9,2024-04-10,1,49.99,Completed,Japan
2014,777,5,2024-04-16,1,79.99,Completed,USA
2015,387,8,2024-04-11,1,199.99,Completed,USA
2016,387,8,2024-04-11,1,199.99,Completed,USA
2017,394,1,2024-04-09,1,89.99,Returned,Brazil
2018,200,9,2024-04-14,1,49.99,Completed,USA
2019,200,4,2024-04-14,1,329.99,Completed,USA
2020,272,1,2024-04-24,2,89.99,Completed,Canada
2021,170,1,2024-04-30,2,89.99,Completed,USA
2022,170,8,2024-04-30,1,199.99,Completed,USA
2023,265,11,2024-04-19,1,34.99,Completed,Singapore
2024,335,8,2024-04-17,1,199.99,Completed,Japan
2025,797,9,2024-04-29,2,49.99,Completed,Brazil
2026,337,7,2024-04-17,2,999.99,Completed,Australia
2027,264,3,2024-04-04,1,59.99,Completed,Singapore
2028,264,11,2024-04-04,1,34.99,Completed,Singapore
2029,264,4,2024-04-04,2,329.99,Completed,Singapore
2030,84,5,2024-04-08,1,79.99,Completed,USA
2031,59,4,2024-04-14,2,329.99,Completed,USA
2032,342,3,2024-04-12,2,59.99,Completed,Japan
2033,441,3,2024-04-28,1,59.99,Completed,Japan
2034,608,7,2024-04-13,1,999.99,Completed,Brazil
2035,608,12,2024-04-13,1,14.99,Returned,Brazil
2036,182,12,2024-04-02,1,14.99,Completed,Australia
2037,847,6,2024-04-23,1,29.99,Completed,USA
2038,318,12,2024-04-11,1,14.99,Completed,France
2039,630,9,2024-04-01,2,49.99,Completed,United Kingdom
2040,630,5,2024-04-01,1,79.99,Completed,United Kingdom
2041,631,10,2024-04-27,1,249.99,Completed,USA
2042,474,7,2024-04-20,1,999.99,Completed,Canada
2043,474,3,2024-04-20,2,59.99,Completed,Canada
2044,712,12,2024-04-16,1,14.99,Completed,Japan
2045,712,8,2024-04-16,2,199.99,Completed,Japan
2046,241,7,2024-04-26,1,999.99,Completed,Germany
2047,241,2,2024-04-26,1,149.99,Completed,Germany
2048,602,1,2024-04-29,2,89.99,Completed,Canada
2049,741,4,2024-04-03,1,329.99,Completed,France
2050,736,1,2024-04-16,1,89.99,Completed,Australia
2051,485,2,2024-04-21,1,149.99,Completed,Brazil
2052,823,9,2024-04-09,2,49.99,Completed,United Kingdom
2053,803,2,2024-04-23,1,149.99,Completed,USA
2054,803,8,2024-04-23,1,199.99,Completed,USA
2055,770,1,2024-04-19,1,89.99,Completed,USA
2056,770,4,2024-04-19,2,329.99,Completed,USA
2057,343,2,2024-04-05,2,149.99,Completed,Canada
2058,208,1,2024-04-24,1,89.99,Completed,Mexico
2059,729,4,2024-04-11,1,329.99,Completed,Mexico
2060,729,7,2024-04-11,1,999.99,Completed,Mexico
2061,762,4,2024-04-17,1,329.99,Completed,Singapore
2062,820,8,2024-04-02,1,199.99,Completed,Brazil
2063,774,4,2024-04-15,2,329.99,Completed,Germany
2064,65,12,2024-04-16,1,14.99,Completed,Mexico
2065,65,10,2024-04-16,1,249.99,Completed,Mexico
2066,308,9,2024-04-29,1,49.99,Completed,Canada
2067,308,1,2024-04-29,1,89.99,Completed,Canada
2068,842,1,2024-04-15,1,89.99,Completed,USA
2069,822,9,2024-04-26,2,49.99,Returned,Singapore
2070,751,8,2024-04-26,1,199.99,Completed,Canada
2071,751,6,2024-04-26,1,29.99,Completed,Canada
2072,241,8,2024-04-30,1,199.99,Completed,Germany
2073,241,2,2024-04-30,2,149.99,Completed,Germany
2074,241,7,2024-04-30,2,999.99,Returned,Germany
2075,133,2,2024-04-30,1,149.99,Completed,USA
2076,133,4,2024-04-30,2,329.99,Completed,USA
2077,100,12,2024-04-25,1,14.99,Completed,United Kingdom
2078,100,2,2024-04-25,1,149.99,Completed,United Kingdom
2079,4,8,2024-04-08,1,199.99,Completed,USA
2080,117,1,2024-04-25,2,89.99,Completed,USA
2081,493,4,2024-04-22,1,329.99,Completed,Canada
2082,493,2,2024-04-22,1,149.99,Completed,Canada
2083,824,2,2024-04-26,1,149.99,Completed,Canada
2084,824,9,2024-04-26,1,49.99,Completed,Canada
2085,647,10,2024-04-12,2,249.99,Completed,USA
2086,795,2,2024-04-26,2,149.99,Completed,Canada
2087,715,3,2024-04-03,2,59.99,Completed,USA
2088,715,5,2024-04-03,1,79.99,Completed,USA
2089,715,2,2024-04-03,1,149.99,Completed,USA
2090,193,1,2024-04-01,1,89.99,Completed,USA
2091,426,10,2024-04-24,1,249.99,Completed,Canada
2092,426,1,2024-04-24,1,89.99,Completed,Canada
2093,485,8,2024-04-16,1,199.99,Completed,Brazil
2094,485,7,2024-04-16,1,999.99,Completed,Brazil
2095,485,4,2024-04-16,1,329.99,Completed,Brazil
2096,141,8,2024-04-23,1,199.99,Completed,Australia
2097,544,4,2024-04-12,1,329.99,Completed,Canada
2098,27,8,2024-04-10,1,199.99,Completed,Canada
2099,618,1,2024-04-20,1,89.99,Completed,Germany
2100,618,4,2024-04-20,1,329.99,Completed,Germany
2101,218,1,2024-04-19,1,89.99,Completed,USA
2102,218,6,2024-04-19,1,29.99,Completed,USA
2103,592,11,2024-04-28,1,34.99,Completed,Canada
2104,592,4,2024-04-28,1,329.99,Completed,Canada
2105,431,8,2024-04-03,1,199.99,Completed,Canada
2106,431,12,2024-04-03,1,14.99,Completed,Canada
2107,44,6,2024-04-16,1,29.99,Completed,USA
2108,44,12,2024-04-16,1,14.99,Completed,USA
2109,173,6,2024-04-06,1,29.99,Completed,USA
2110,18,8,2024-04-16,1,199.99,Completed,Japan
2111,842,12,2024-04-28,1,14.99,Completed,USA
2112,842,11,2024-04-28,1,34.99,Completed,USA
2113,441,2,2024-04-07,1,149.99,Completed,Japan
2114,441,7,2024-04-07,1,999.99,Completed,Japan
2115,724,7,2024-04-14,1,999.99,Completed,United Kingdom
2116,605,2,2024-04-07,1,149.99,Completed,Brazil
2117,605,4,2024-04-07,1,329.99,Completed,Brazil
2118,605,8,2024-04-07,1,199.99,Completed,Brazil
2119,224,1,2024-04-09,1,89.99,Completed,Mexico
2120,224,1,2024-04-09,1,89.99,Completed,Mexico
2121,224,2,2024-04-09,1,149.99,Completed,Mexico
2122,421,3,2024-04-13,1,59.99,Completed,USA
2123,421,2,2024-04-13,2,149.99,Completed,USA
2124,421,10,2024-04-13,1,249.99,Completed,USA
2125,448,4,2024-04-02,1,329.99,Returned,Singapore
2126,537,4,2024-04-10,1,329.99,Completed,France
2127,15,1,2024-04-16,2,89.99,Completed,Singapore
2128,15,7,2024-04-16,2,999.99,Completed,Singapore
2129,15,10,2024-04-16,2,249.99,Completed,Singapore
2130,277,5,2024-04-06,1,79.99,Returned,USA
2131,241,3,2024-04-21,1,59.99,Completed,Germany
2132,739,8,2024-04-12,1,199.99,Completed,USA
2133,529,4,2024-04-26,1,329.99,Completed,Singapore
2134,248,9,2024-04-29,1,49.99,Completed,USA
2135,542,1,2024-04-01,2,89.99,Completed,Australia
2136,2,1,2024-04-16,1,89.99,Completed,USA
2137,713,2,2024-04-26,2,149.99,Completed,USA
2138,617,4,2024-04-19,1,329.99,Completed,Germany
2139,617,10,2024-04-19,1,249.99,Completed,Germany
2140,342,12,2024-04-16,1,14.99,Completed,Japan
2141,141,1,2024-04-08,2,89.99,Completed,Australia
2142,75,4,2024-04-04,1,329.99,Completed,Mexico
2143,75,1,2024-04-04,1,89.99,Completed,Mexico
2144,75,12,2024-04-04,2,14.99,Completed,Mexico
2145,627,3,2024-04-04,1,59.99,Completed,Germany
2146,706,8,2024-04-09,1,199.99,Completed,USA
2147,706,12,2024-04-09,2,14.99,Completed,USA
2148,706,5,2024-04-09,1,79.99,Completed,USA
2149,438,4,2024-04-23,2,329.99,Completed,Japan
2150,169,8,2024-04-01,1,199.99,Completed,Australia
2151,169,4,2024-04-01,1,329.99,Completed,Australia
2152,169,4,2024-04-01,2,329.99,Completed,Australia
2153,742,8,2024-04-07,1,199.99,Completed,USA
2154,65,4,2024-05-27,1,329.99,Completed,Mexico
2155,65,6,2024-05-27,2,29.99,Completed,Mexico
2156,783,2,2024-05-06,1,149.99,Completed,Japan
2157,171,6,2024-05-09,1,29.99,Completed,Australia
2158,171,2,2024-05-09,1,149.99,Completed,Australia
2159,171,4,2024-05-09,2,329.99,Completed,Australia
2160,621,2,2024-05-07,1,149.99,Completed,USA
2161,621,6,2024-05-07,1,29.99,Completed,USA
2162,119,3,2024-05-26,1,59.99,Completed,Japan
2163,119,4,2024-05-26,1,329.99,Completed,Japan
2164,819,1,2024-05-05,1,89.99,Completed,USA
2165,566,6,2024-05-03,1,29.99,Completed,Canada
2166,563,8,2024-05-05,1,199.99,Completed,United Kingdom
2167,563,1,2024-05-05,1,89.99,Completed,United Kingdom
2168,739,8,2024-05-21,1,199.99,Completed,USA
2169,698,1,2024-05-09,1,89.99,Completed,Mexico
2170,698,9,2024-05-09,1,49.99,Completed,Mexico
2171,741,2,2024-05-01,1,149.99,Completed,France
2172,195,5,2024-05-16,1,79.99,Completed,Canada
2173,195,7,2024-05-16,1,999.99,Completed,Canada
2174,362,1,2024-05-11,1,89.99,Completed,Singapore
2175,88,7,2024-05-18,2,999.99,Completed,France
2176,88,6,2024-05-18,1,29.99,Completed,France
2177,88,9,2024-05-18,1,49.99,Completed,France
2178,808,5,2024-05-02,2,79.99,Completed,Australia
2179,51,4,2024-05-01,1,329.99,Completed,USA
2180,51,8,2024-05-01,1,199.99,Completed,USA
2181,415,3,2024-05-13,1,59.99,Completed,France
2182,524,7,2024-05-08,1,999.99,Completed,Australia
2183,524,6,2024-05-08,1,29.99,Completed,Australia
2184,482,3,2024-05-02,2,59.99,Completed,United Kingdom
2185,18,7,2024-05-25,1,999.99,Completed,Japan
2186,275,1,2024-05-26,2,89.99,Completed,Brazil
2187,542,8,2024-05-04,1,199.99,Completed,Australia
2188,542,3,2024-05-04,1,59.99,Completed,Australia
2189,542,5,2024-05-04,1,79.99,Completed,Australia
2190,388,4,2024-05-23,2,329.99,Returned,Australia
2191,388,8,2024-05-23,1,199.99,Completed,Australia
2192,388,7,2024-05-23,1,999.99,Completed,Australia
2193,249,8,2024-05-29,1,199.99,Completed,Japan
2194,542,4,2024-05-14,1,329.99,Completed,Australia
2195,42,12,2024-05-27,2,14.99,Completed,USA
2196,769,2,2024-05-12,1,149.99,Completed,USA
2197,769,8,2024-05-12,1,199.99,Completed,USA
2198,24,4,2024-05-22,2,329.99,Completed,USA
2199,298,9,2024-05-17,1,49.99,Completed,United Kingdom
2200,378,6,2024-05-08,1,29.99,Completed,Germany
2201,378,5,2024-05-08,1,79.99,Completed,Germany
2202,378,3,2024-05-08,1,59.99,Completed,Germany
2203,210,7,2024-05-30,1,999.99,Completed,Japan
2204,726,3,2024-05-04,1,59.99,Completed,United Kingdom
2205,93,6,2024-05-04,1,29.99,Completed,USA
2206,93,7,2024-05-04,1,999.99,Completed,USA
2207,94,2,2024-05-21,2,149.99,Completed,United Kingdom
2208,94,1,2024-05-21,2,89.99,Completed,United Kingdom
2209,86,5,2024-05-30,1,79.99,Completed,Brazil
2210,86,1,2024-05-30,2,89.99,Completed,Brazil
2211,86,8,2024-05-30,1,199.99,Returned,Brazil
2212,190,7,2024-05-07,1,999.99,Completed,Canada
2213,190,4,2024-05-07,1,329.99,Completed,Canada
2214,720,3,2024-05-16,1,59.99,Completed,Brazil
2215,426,7,2024-05-30,1,999.99,Completed,Canada
2216,625,11,2024-05-26,1,34.99,Completed,Canada
2217,127,8,2024-05-28,1,199.99,Completed,Japan
2218,300,6,2024-05-08,1,29.99,Completed,USA
2219,143,2,2024-05-25,1,149.99,Completed,Germany
2220,143,7,2024-05-25,1,999.99,Returned,Germany
2221,463,4,2024-05-09,1,329.99,Completed,Singapore
2222,38,4,2024-05-23,2,329.99,Completed,USA
2223,38,1,2024-05-23,1,89.99,Completed,USA
2224,38,9,2024-05-23,1,49.99,Completed,USA
2225,405,9,2024-05-14,1,49.99,Completed,USA
2226,132,12,2024-05-14,1,14.99,Completed,Japan
2227,132,11,2024-05-14,1,34.99,Completed,Japan
2228,91,4,2024-05-27,2,329.99,Returned,Brazil
2229,91,12,2024-05-27,1,14.99,Completed,Brazil
2230,180,11,2024-05-25,1,34.99,Completed,France
2231,441,6,2024-05-17,2,29.99,Completed,Japan
2232,441,8,2024-05-17,1,199.99,Completed,Japan
2233,271,1,2024-05-10,1,89.99,Completed,Canada
2234,271,1,2024-05-10,2,89.99,Completed,Canada
2235,306,7,2024-05-08,1,999.99,Completed,Canada
2236,218,7,2024-05-08,1,999.99,Returned,USA
2237,684,8,2024-05-12,1,199.99,Completed,Canada
2238,595,3,2024-05-23,1,59.99,Completed,USA
2239,262,8,2024-05-19,2,199.99,Completed,Brazil
2240,262,4,2024-05-19,1,329.99,Completed,Brazil
2241,778,7,2024-05-20,2,999.99,Completed,Canada
2242,778,9,2024-05-20,2,49.99,Completed,Canada
2243,778,8,2024-05-20,1,199.99,Completed,Canada
2244,584,8,2024-05-20,1,199.99,Completed,France
2245,584,3,2024-05-20,1,59.99,Completed,France
2246,578,4,2024-05-18,1,329.99,Completed,Germany
2247,578,4,2024-05-18,1,329.99,Completed,Germany
2248,658,2,2024-05-15,1,149.99,Completed,USA
2249,679,3,2024-05-20,1,59.99,Completed,Canada
2250,679,6,2024-05-20,1,29.99,Completed,Canada
2251,679,12,2024-05-20,1,14.99,Completed,Canada
2252,418,11,2024-05-29,2,34.99,Completed,Canada
2253,418,6,2024-05-29,1,29.99,Completed,Canada
2254,782,7,2024-05-12,1,999.99,Completed,USA
2255,782,4,2024-05-12,1,329.99,Completed,USA
2256,576,7,2024-05-16,1,999.99,Completed,United Kingdom
2257,576,9,2024-05-16,1,49.99,Completed,United Kingdom
2258,769,2,2024-05-04,1,149.99,Completed,USA
2259,602,3,2024-05-26,1,59.99,Completed,Canada
2260,602,10,2024-05-26,1,249.99,Completed,Canada
2261,602,3,2024-05-26,1,59.99,Completed,Canada
2262,527,11,2024-05-14,2,34.99,Completed,Canada
2263,120,5,2024-05-27,1,79.99,Completed,Canada
2264,120,2,2024-05-27,1,149.99,Completed,Canada
2265,844,12,2024-05-28,2,14.99,Completed,Germany
2266,286,7,2024-05-03,1,999.99,Returned,USA
2267,418,7,2024-05-25,1,999.99,Completed,Canada
2268,658,8,2024-05-14,1,199.99,Completed,USA
2269,658,11,2024-05-14,2,34.99,Completed,USA
2270,167,11,2024-05-02,2,34.99,Completed,USA
2271,167,4,2024-05-02,1,329.99,Completed,USA
2272,353,8,2024-05-01,2,199.99,Completed,USA
2273,353,11,2024-05-01,1,34.99,Completed,USA
2274,617,4,2024-05-03,1,329.99,Completed,Germany
2275,617,3,2024-05-03,1,59.99,Completed,Germany
2276,733,4,2024-05-30,2,329.99,Completed,USA
2277,558,1,2024-05-30,1,89.99,Completed,United Kingdom
2278,1,8,2024-05-13,1,199.99,Completed,USA
2279,326,6,2024-05-05,1,29.99,Completed,Canada
2280,195,11,2024-05-07,1,34.99,Completed,Canada
2281,607,8,2024-05-02,1,199.99,Completed,Brazil
2282,607,1,2024-05-02,1,89.99,Completed,Brazil
2283,463,4,2024-05-07,1,329.99,Completed,Singapore
2284,463,11,2024-05-07,2,34.99,Completed,Singapore
2285,175,1,2024-05-30,1,89.99,Completed,USA
2286,504,10,2024-05-29,1,249.99,Completed,United Kingdom
2287,504,3,2024-05-29,2,59.99,Completed,United Kingdom
2288,504,6,2024-05-29,2,29.99,Completed,United Kingdom
2289,704,8,2024-05-20,1,199.99,Completed,United Kingdom
2290,118,6,2024-05-28,1,29.99,Completed,USA
2291,347,12,2024-05-08,1,14.99,Completed,Germany
2292,347,6,2024-05-08,2,29.99,Completed,Germany
2293,122,7,2024-05-15,2,999.99,Completed,Canada
2294,151,8,2024-05-28,2,199.99,Completed,USA
2295,151,4,2024-05-28,1,329.99,Completed,USA
2296,89,4,2024-05-13,1,329.99,Completed,Japan
2297,89,5,2024-05-13,1,79.99,Completed,Japan
2298,89,4,2024-05-13,1,329.99,Completed,Japan
2299,667,12,2024-05-25,1,14.99,Completed,Australia
2300,667,5,2024-05-25,1,79.99,Completed,Australia
2301,699,7,2024-05-09,1,999.99,Completed,Germany
2302,17,11,2024-05-31,1,34.99,Completed,USA
2303,818,8,2024-05-02,2,199.99,Completed,Germany
2304,818,7,2024-05-02,1,999.99,Completed,Germany
2305,818,4,2024-05-02,1,329.99,Completed,Germany
2306,621,5,2024-05-11,1,79.99,Completed,USA
2307,621,3,2024-05-11,2,59.99,Completed,USA
2308,621,5,2024-05-11,1,79.99,Completed,USA
2309,452,2,2024-05-03,2,149.99,Completed,USA
2310,490,12,2024-05-07,1,14.99,Returned,Singapore
2311,631,9,2024-05-15,1,49.99,Completed,USA
2312,680,6,2024-05-15,2,29.99,Completed,Brazil
2313,639,5,2024-05-19,1,79.99,Completed,Canada
2314,639,2,2024-05-19,1,149.99,Completed,Canada
2315,639,8,2024-05-19,1,199.99,Completed,Canada
2316,1,7,2024-05-13,1,999.99,Completed,USA
2317,1,11,2024-05-13,1,34.99,Completed,USA
2318,1,8,2024-05-13,1,199.99,Completed,USA
2319,128,6,2024-05-06,1,29.99,Completed,Germany
2320,275,6,2024-05-09,2,29.99,Completed,Brazil
2321,201,9,2024-05-05,1,49.99,Completed,Canada
2322,253,6,2024-05-21,1,29.99,Completed,Germany
2323,253,10,2024-05-21,1,249.99,Completed,Germany
2324,253,2,2024-05-21,1,149.99,Completed,Germany
2325,169,8,2024-05-09,1,199.99,Completed,Australia
2326,183,2,2024-05-30,1,149.99,Completed,Canada
2327,183,7,2024-05-30,1,999.99,Completed,Canada
2328,623,3,2024-05-26,1,59.99,Completed,USA
2329,623,4,2024-05-26,1,329.99,Returned,USA
2330,662,12,2024-05-16,1,14.99,Returned,United Kingdom
2331,329,4,2024-05-25,1,329.99,Completed,Brazil
2332,123,9,2024-05-29,1,49.99,Completed,France
2333,123,1,2024-05-29,2,89.99,Completed,France
2334,123,2,2024-05-29,1,149.99,Completed,France
2335,722,3,2024-05-11,1,59.99,Completed,Mexico
2336,373,1,2024-05-07,1,89.99,Completed,USA
2337,336,8,2024-05-07,1,199.99,Completed,USA
2338,430,1,2024-05-16,2,89.99,Completed,USA
2339,430,4,2024-05-16,1,329.99,Completed,USA
2340,430,3,2024-05-16,1,59.99,Completed,USA
2341,822,8,2024-06-04,1,199.99,Completed,Singapore
2342,363,7,2024-06-06,1,999.99,Completed,Australia
2343,537,8,2024-06-16,1,199.99,Returned,France
2344,537,4,2024-06-16,1,329.99,Completed,France
2345,537,10,2024-06-16,1,249.99,Completed,France
2346,339,4,2024-06-18,1,329.99,Completed,Canada
2347,339,4,2024-06-18,2,329.99,Completed,Canada
2348,172,4,2024-06-05,1,329.99,Completed,Singapore
2349,287,8,2024-06-18,2,199.99,Completed,Canada
2350,816,8,2024-06-28,1,199.99,Completed,USA
2351,132,12,2024-06-10,2,14.99,Returned,Japan
2352,132,12,2024-06-10,1,14.99,Completed,Japan
2353,821,4,2024-06-10,1,329.99,Completed,USA
2354,846,4,2024-06-29,1,329.99,Completed,Brazil
2355,846,1,2024-06-29,1,89.99,Completed,Brazil
2356,699,3,2024-06-04,2,59.99,Completed,Germany
2357,635,5,2024-06-23,1,79.99,Completed,Japan
2358,653,4,2024-06-26,2,329.99,Completed,Singapore
2359,528,3,2024-06-24,1,59.99,Completed,Mexico
2360,528,9,2024-06-24,1,49.99,Completed,Mexico
2361,828,7,2024-06-27,1,999.99,Completed,Japan
2362,661,7,2024-06-01,1,999.99,Completed,Singapore
2363,9,3,2024-06-29,1,59.99,Completed,USA
2364,209,1,2024-06-23,1,89.99,Completed,USA
2365,209,4,2024-06-23,2,329.99,Completed,USA
2366,476,12,2024-06-11,1,14.99,Completed,USA
2367,389,4,2024-06-05,1,329.99,Completed,USA
2368,389,9,2024-06-05,2,49.99,Completed,USA
2369,674,1,2024-06-18,1,89.99,Completed,Brazil
2370,736,5,2024-06-15,1,79.99,Completed,Australia
2371,736,5,2024-06-15,1,79.99,Completed,Australia
2372,736,12,2024-06-15,1,14.99,Completed,Australia
2373,591,8,2024-06-19,1,199.99,Completed,USA
2374,591,8,2024-06-19,1,199.99,Completed,USA
2375,600,3,2024-06-03,1,59.99,Completed,Germany
2376,171,12,2024-06-11,1,14.99,Completed,Australia
2377,171,12,2024-06-11,1,14.99,Completed,Australia
2378,171,5,2024-06-11,2,79.99,Completed,Australia
2379,505,4,2024-06-08,1,329.99,Completed,USA
2380,268,9,2024-06-28,2,49.99,Completed,Germany
2381,185,9,2024-06-29,2,49.99,Returned,Singapore
2382,585,8,2024-06-06,1,199.99,Completed,USA
2383,540,1,2024-06-30,2,89.99,Completed,Germany
2384,838,12,2024-06-11,1,14.99,Completed,USA
2385,29,2,2024-06-26,1,149.99,Completed,Brazil
2386,29,8,2024-06-26,1,199.99,Completed,Brazil
2387,568,12,2024-06-16,2,14.99,Completed,France
2388,519,4,2024-06-28,1,329.99,Completed,Canada
2389,740,7,2024-06-23,1,999.99,Completed,USA
2390,740,4,2024-06-23,1,329.99,Completed,USA
2391,740,11,2024-06-23,1,34.99,Completed,USA
2392,588,1,2024-06-11,1,89.99,Completed,USA
2393,746,1,2024-06-19,1,89.99,Completed,United Kingdom
2394,746,11,2024-06-19,1,34.99,Completed,United Kingdom
2395,204,8,2024-06-16,1,199.99,Completed,USA
2396,591,2,2024-06-14,2,149.99,Completed,USA
2397,591,12,2024-06-14,1,14.99,Completed,USA
2398,649,2,2024-06-05,1,149.99,Completed,Mexico
2399,649,11,2024-06-05,2,34.99,Completed,Mexico
2400,771,4,2024-06-22,1,329.99,Completed,Mexico
2401,186,8,2024-06-02,2,199.99,Completed,Germany
2402,678,12,2024-06-24,1,14.99,Completed,Germany
2403,678,8,2024-06-24,1,199.99,Completed,Germany
2404,586,4,2024-06-07,1,329.99,Completed,Australia
2405,667,8,2024-06-29,1,199.99,Completed,Australia
2406,667,1,2024-06-29,1,89.99,Completed,Australia
2407,641,4,2024-06-17,1,329.99,Completed,Japan
2408,335,3,2024-06-05,1,59.99,Returned,Japan
2409,606,12,2024-06-07,1,14.99,Completed,Australia
2410,606,1,2024-06-07,1,89.99,Completed,Australia
2411,683,2,2024-06-19,2,149.99,Completed,Brazil
2412,795,5,2024-06-04,1,79.99,Completed,Canada
2413,435,4,2024-06-30,1,329.99,Completed,Canada
2414,781,10,2024-06-30,1,249.99,Completed,USA
2415,798,12,2024-06-05,1,14.99,Completed,Canada
2416,166,7,2024-06-16,1,999.99,Completed,USA
2417,739,10,2024-06-03,1,249.99,Completed,USA
2418,134,7,2024-06-05,1,999.99,Completed,Japan
2419,134,8,2024-06-05,1,199.99,Completed,Japan
2420,134,4,2024-06-05,1,329.99,Completed,Japan
2421,578,4,2024-06-30,1,329.99,Completed,Germany
2422,578,7,2024-06-30,1,999.99,Completed,Germany
2423,177,10,2024-06-08,1,249.99,Completed,USA
2424,3,1,2024-06-04,1,89.99,Completed,France
2425,40,11,2024-06-07,2,34.99,Completed,Brazil
2426,103,8,2024-06-15,1,199.99,Completed,Brazil
2427,44,1,2024-06-18,1,89.99,Completed,USA
2428,152,8,2024-06-19,1,199.99,Completed,Japan
2429,201,5,2024-06-17,1,79.99,Completed,Canada
2430,730,12,2024-06-08,1,14.99,Completed,Australia
2431,544,2,2024-06-09,2,149.99,Completed,Canada
2432,721,6,2024-06-07,1,29.99,Completed,USA
2433,541,4,2024-06-22,2,329.99,Completed,Canada
2434,210,2,2024-06-04,1,149.99,Completed,Japan
2435,210,9,2024-06-04,2,49.99,Completed,Japan
2436,404,4,2024-06-14,1,329.99,Completed,USA
2437,404,4,2024-06-14,2,329.99,Completed,USA
2438,425,12,2024-06-14,1,14.99,Completed,Australia
2439,815,7,2024-06-04,2,999.99,Completed,Australia
2440,259,7,2024-06-02,1,999.99,Completed,Germany
2441,566,8,2024-06-03,1,199.99,Completed,Canada
2442,566,4,2024-06-03,1,329.99,Completed,Canada
2443,566,2,2024-06-03,1,149.99,Completed,Canada
2444,514,7,2024-06-02,2,999.99,Completed,Australia
2445,514,4,2024-06-02,2,329.99,Completed,Australia
2446,664,7,2024-06-03,1,999.99,Completed,Germany
2447,570,4,2024-06-24,2,329.99,Completed,Canada
2448,153,12,2024-06-07,2,14.99,Completed,Canada
2449,273,2,2024-06-08,1,149.99,Completed,United Kingdom
2450,706,3,2024-06-17,1,59.99,Completed,USA
2451,706,7,2024-06-17,1,999.99,Completed,USA
2452,706,4,2024-06-17,1,329.99,Completed,USA
2453,176,1,2024-06-04,1,89.99,Completed,Australia
2454,823,1,2024-06-22,1,89.99,Completed,United Kingdom
2455,701,5,2024-06-23,2,79.99,Completed,United Kingdom
2456,701,11,2024-06-23,1,34.99,Completed,United Kingdom
2457,701,12,2024-06-23,1,14.99,Completed,United Kingdom
2458,521,12,2024-06-01,2,14.99,Completed,USA
2459,521,2,2024-06-01,1,149.99,Completed,USA
2460,365,11,2024-06-17,2,34.99,Completed,Japan
2461,383,2,2024-06-15,1,149.99,Completed,USA
2462,383,1,2024-06-15,2,89.99,Completed,USA
2463,383,7,2024-06-15,1,999.99,Completed,USA
2464,390,7,2024-06-19,1,999.99,Completed,USA
2465,685,11,2024-06-03,1,34.99,Completed,Canada
2466,685,7,2024-06-03,2,999.99,Completed,Canada
2467,685,5,2024-06-03,2,79.99,Completed,Canada
2468,402,12,2024-06-19,2,14.99,Completed,United Kingdom
2469,402,4,2024-06-19,1,329.99,Completed,United Kingdom
2470,402,7,2024-06-19,2,999.99,Completed,United Kingdom
2471,566,5,2024-06-21,1,79.99,Completed,Canada
2472,387,12,2024-06-12,2,14.99,Completed,USA
2473,656,8,2024-06-02,1,199.99,Completed,USA
2474,656,6,2024-06-02,1,29.99,Completed,USA
2475,273,4,2024-06-15,1,329.99,Completed,United Kingdom
2476,273,2,2024-06-15,1,149.99,Completed,United Kingdom
2477,417,1,2024-06-09,1,89.99,Completed,Germany
2478,410,7,2024-06-18,2,999.99,Completed,Germany
2479,410,3,2024-06-18,2,59.99,Completed,Germany
2480,771,8,2024-06-17,2,199.99,Completed,Mexico
2481,76,7,2024-06-07,1,999.99,Completed,USA
2482,76,7,2024-06-07,1,999.99,Completed,USA
2483,418,5,2024-06-04,2,79.99,Completed,Canada
2484,350,11,2024-06-06,1,34.99,Completed,Mexico
2485,350,1,2024-06-06,1,89.99,Completed,Mexico
2486,718,11,2024-06-01,1,34.99,Completed,USA
2487,718,5,2024-06-01,1,79.99,Completed,USA
2488,100,1,2024-06-14,1,89.99,Completed,United Kingdom
2489,29,10,2024-06-26,2,249.99,Completed,Brazil
2490,29,11,2024-06-26,1,34.99,Completed,Brazil
2491,265,8,2024-06-20,1,199.99,Completed,Singapore
2492,3,4,2024-06-28,1,329.99,Completed,France
2493,530,10,2024-06-28,1,249.99,Completed,USA
2494,530,12,2024-06-28,2,14.99,Completed,USA
2495,825,12,2024-06-30,2,14.99,Completed,United Kingdom
2496,563,5,2024-06-15,1,79.99,Completed,United Kingdom
2497,336,7,2024-06-11,1,999.99,Completed,USA
2498,336,7,2024-06-11,1,999.99,Completed,USA
2499,370,11,2024-06-08,1,34.99,Completed,Australia
2500,370,1,2024-06-08,1,89.99,Completed,Australia
2501,746,4,2024-06-02,2,329.99,Completed,United Kingdom
2502,727,5,2024-06-21,1,79.99,Completed,USA
2503,389,1,2024-06-16,1,89.99,Completed,USA
2504,306,2,2024-06-17,1,149.99,Completed,Canada
2505,306,12,2024-06-17,1,14.99,Completed,Canada
2506,759,4,2024-06-28,2,329.99,Completed,France
2507,335,2,2024-06-26,1,149.99,Completed,Japan
2508,373,6,2024-06-16,1,29.99,Completed,USA
2509,373,4,2024-06-16,1,329.99,Completed,USA
2510,519,4,2024-06-26,1,329.99,Completed,Canada
2511,379,9,2024-06-09,1,49.99,Completed,Canada
2512,379,3,2024-06-09,1,59.99,Completed,Canada
2513,623,1,2024-06-12,2,89.99,Completed,USA
2514,122,2,2024-06-06,2,149.99,Completed,Canada
2515,711,4,2024-06-22,1,329.99,Completed,USA
2516,400,8,2024-06-01,1,199.99,Completed,Canada
2517,835,9,2024-07-31,2,49.99,Completed,Brazil
2518,7,1,2024-07-25,2,89.99,Completed,Australia
2519,7,5,2024-07-25,2,79.99,Completed,Australia
2520,7,11,2024-07-25,1,34.99,Completed,Australia
2521,367,12,2024-07-15,1,14.99,Completed,France
2522,367,12,2024-07-15,2,14.99,Completed,France
2523,169,2,2024-07-21,1,149.99,Completed,Australia
2524,169,6,2024-07-21,1,29.99,Completed,Australia
2525,351,8,2024-07-08,2,199.99,Completed,Japan
2526,546,4,2024-07-02,1,329.99,Completed,USA
2527,272,4,2024-07-31,1,329.99,Completed,Canada
2528,712,4,2024-07-25,1,329.99,Completed,Japan
2529,771,7,2024-07-31,2,999.99,Completed,Mexico
2530,479,8,2024-07-11,1,199.99,Completed,Singapore
2531,479,7,2024-07-11,2,999.99,Completed,Singapore
2532,504,9,2024-07-22,1,49.99,Completed,United Kingdom
2533,504,11,2024-07-22,2,34.99,Completed,United Kingdom
2534,504,3,2024-07-22,1,59.99,Completed,United Kingdom
2535,695,2,2024-07-24,1,149.99,Completed,USA
2536,389,1,2024-07-22,2,89.99,Completed,USA
2537,13,9,2024-07-21,1,49.99,Completed,United Kingdom
2538,397,1,2024-07-31,1,89.99,Completed,Singapore
2539,200,12,2024-07-02,1,14.99,Completed,USA
2540,850,11,2024-07-05,1,34.99,Completed,Germany
2541,13,9,2024-07-02,1,49.99,Completed,United Kingdom
2542,13,8,2024-07-02,2,199.99,Completed,United Kingdom
2543,13,5,2024-07-02,1,79.99,Completed,United Kingdom
2544,354,3,2024-07-06,1,59.99,Completed,Canada
2545,438,9,2024-07-02,1,49.99,Completed,Japan
2546,438,5,2024-07-02,1,79.99,Completed,Japan
2547,804,7,2024-07-18,1,999.99,Completed,Brazil
2548,127,12,2024-07-05,1,14.99,Completed,Japan
2549,753,6,2024-07-13,1,29.99,Completed,Canada
2550,753,8,2024-07-13,1,199.99,Completed,Canada
2551,753,12,2024-07-13,2,14.99,Completed,Canada
2552,491,5,2024-07-04,1,79.99,Completed,Germany
2553,239,12,2024-07-02,2,14.99,Completed,Mexico
2554,239,2,2024-07-02,1,149.99,Completed,Mexico
2555,239,10,2024-07-02,1,249.99,Completed,Mexico
2556,167,6,2024-07-17,1,29.99,Completed,USA
2557,116,1,2024-07-21,1,89.99,Completed,Brazil
2558,116,12,2024-07-21,1,14.99,Completed,Brazil
2559,218,1,2024-07-06,1,89.99,Returned,USA
2560,180,1,2024-07-29,2,89.99,Completed,France
2561,389,1,2024-07-04,2,89.99,Completed,USA
2562,125,2,2024-07-01,2,149.99,Completed,Japan
2563,125,11,2024-07-01,1,34.99,Completed,Japan
2564,327,12,2024-07-21,1,14.99,Completed,France
2565,283,7,2024-07-14,1,999.99,Completed,Mexico
2566,283,4,2024-07-14,1,329.99,Completed,Mexico
2567,283,9,2024-07-14,1,49.99,Returned,Mexico
2568,751,10,2024-07-25,2,249.99,Completed,Canada
2569,751,1,2024-07-25,1,89.99,Completed,Canada
2570,761,7,2024-07-19,1,999.99,Completed,Germany
2571,685,1,2024-07-13,1,89.99,Completed,Canada
2572,403,10,2024-07-30,1,249.99,Completed,Brazil
2573,231,5,2024-07-10,1,79.99,Completed,Germany
2574,629,3,2024-07-27,2,59.99,Completed,Australia
2575,629,7,2024-07-27,1,999.99,Completed,Australia
2576,629,8,2024-07-27,2,199.99,Completed,Australia
2577,208,4,2024-07-10,2,329.99,Completed,Mexico
2578,622,3,2024-07-15,2,59.99,Completed,USA
2579,622,7,2024-07-15,1,999.99,Completed,USA
2580,622,7,2024-07-15,2,999.99,Returned,USA
2581,380,4,2024-07-26,1,329.99,Completed,Brazil
2582,380,8,2024-07-26,1,199.99,Completed,Brazil
2583,783,12,2024-07-12,1,14.99,Completed,Japan
2584,81,4,2024-07-18,1,329.99,Completed,USA
2585,81,9,2024-07-18,1,49.99,Completed,USA
2586,81,4,2024-07-18,1,329.99,Completed,USA
2587,468,7,2024-07-10,2,999.99,Completed,Japan
2588,468,7,2024-07-10,1,999.99,Completed,Japan
2589,468,4,2024-07-10,2,329.99,Completed,Japan
2590,343,5,2024-07-17,1,79.99,Completed,Canada
2591,376,9,2024-07-09,1,49.99,Completed,USA
2592,376,4,2024-07-09,1,329.99,Completed,USA
2593,799,10,2024-07-17,1,249.99,Completed,USA
2594,376,6,2024-07-16,1,29.99,Completed,USA
2595,376,4,2024-07-16,1,329.99,Completed,USA
2596,376,12,2024-07-16,2,14.99,Completed,USA
2597,848,10,2024-07-05,1,249.99,Completed,Canada
2598,574,8,2024-07-20,1,199.99,Returned,United Kingdom
2599,92,12,2024-07-16,1,14.99,Completed,USA
2600,269,8,2024-07-23,2,199.99,Completed,Mexico
2601,814,5,2024-07-25,1,79.99,Completed,United Kingdom
2602,576,1,2024-07-21,1,89.99,Completed,United Kingdom
2603,576,7,2024-07-21,2,999.99,Completed,United Kingdom
2604,836,2,2024-07-22,1,149.99,Completed,Australia
2605,45,12,2024-07-24,2,14.99,Completed,USA
2606,584,1,2024-07-05,1,89.99,Completed,France
2607,697,5,2024-07-01,1,79.99,Completed,United Kingdom
2608,588,8,2024-07-26,1,199.99,Completed,USA
2609,662,5,2024-07-05,1,79.99,Completed,United Kingdom
2610,662,4,2024-07-05,1,329.99,Completed,United Kingdom
2611,662,3,2024-07-05,2,59.99,Completed,United Kingdom
2612,424,9,2024-07-27,1,49.99,Completed,Australia
2613,424,2,2024-07-27,1,149.99,Completed,Australia
2614,424,1,2024-07-27,1,89.99,Completed,Australia
2615,341,9,2024-07-02,2,49.99,Completed,United Kingdom
2616,188,4,2024-07-03,1,329.99,Completed,France
2617,537,4,2024-07-25,1,329.99,Returned,France
2618,537,7,2024-07-25,2,999.99,Completed,France
2619,562,11,2024-07-08,1,34.99,Completed,Australia
2620,562,4,2024-07-08,1,329.99,Completed,Australia
2621,306,1,2024-07-13,1,89.99,Completed,Canada
2622,306,9,2024-07-13,1,49.99,Completed,Canada
2623,306,4,2024-07-13,2,329.99,Completed,Canada
2624,361,4,2024-07-03,1,329.99,Completed,Japan
2625,747,1,2024-07-27,1,89.99,Completed,USA
2626,44,4,2024-07-16,1,329.99,Completed,USA
2627,615,12,2024-07-04,1,14.99,Completed,USA
2628,615,5,2024-07-04,2,79.99,Completed,USA
2629,704,9,2024-07-01,2,49.99,Completed,United Kingdom
2630,720,1,2024-07-06,1,89.99,Completed,Brazil
2631,323,8,2024-07-27,1,199.99,Completed,France
2632,323,8,2024-07-27,1,199.99,Completed,France
2633,580,1,2024-07-12,2,89.99,Completed,Japan
2634,580,8,2024-07-12,1,199.99,Completed,Japan
2635,114,8,2024-07-11,1,199.99,Completed,Canada
2636,356,8,2024-07-31,1,199.99,Completed,Australia
2637,356,8,2024-07-31,2,199.99,Completed,Australia
2638,356,8,2024-07-31,1,199.99,Completed,Australia
2639,564,8,2024-07-02,1,199.99,Completed,Japan
2640,564,11,2024-07-02,1,34.99,Completed,Japan
2641,564,12,2024-07-02,1,14.99,Completed,Japan
2642,637,4,2024-07-07,1,329.99,Completed,Germany
2643,637,7,2024-07-07,2,999.99,Completed,Germany
2644,637,3,2024-07-07,1,59.99,Completed,Germany
2645,97,7,2024-07-31,1,999.99,Completed,France
2646,779,4,2024-07-25,1,329.99,Returned,United Kingdom
2647,418,12,2024-07-31,1,14.99,Completed,Canada
2648,585,1,2024-07-14,2,89.99,Completed,USA
2649,585,1,2024-07-14,1,89.99,Completed,USA
2650,585,8,2024-07-14,1,199.99,Completed,USA
2651,679,3,2024-07-07,1,59.99,Completed,Canada
2652,22,5,2024-07-01,1,79.99,Returned,USA
2653,649,5,2024-07-12,2,79.99,Completed,Mexico
2654,649,2,2024-07-12,2,149.99,Completed,Mexico
2655,109,2,2024-07-15,1,149.99,Completed,USA
2656,678,9,2024-07-31,1,49.99,Completed,Germany
2657,316,1,2024-07-11,1,89.99,Completed,USA
2658,316,7,2024-07-11,2,999.99,Completed,USA
2659,48,7,2024-07-12,2,999.99,Completed,Germany
2660,249,11,2024-07-01,1,34.99,Completed,Japan
2661,226,12,2024-07-26,1,14.99,Completed,USA
2662,468,6,2024-07-11,2,29.99,Completed,Japan
2663,468,2,2024-07-11,1,149.99,Completed,Japan
2664,468,4,2024-07-11,1,329.99,Completed,Japan
2665,247,9,2024-07-14,1,49.99,Completed,Germany
2666,247,2,2024-07-14,1,149.99,Completed,Germany
2667,26,1,2024-07-23,2,89.99,Completed,Australia
2668,821,7,2024-07-12,1,999.99,Completed,USA
2669,821,8,2024-07-12,1,199.99,Completed,USA
2670,128,5,2024-07-17,1,79.99,Completed,Germany
2671,580,9,2024-07-04,2,49.99,Completed,Japan
2672,381,8,2024-07-11,1,199.99,Completed,Japan
2673,381,12,2024-07-11,1,14.99,Completed,Japan
2674,570,1,2024-07-17,1,89.99,Completed,Canada
2675,491,7,2024-07-18,1,999.99,Returned,Germany
2676,491,12,2024-07-18,1,14.99,Completed,Germany
2677,491,7,2024-07-18,1,999.99,Completed,Germany
2678,283,10,2024-07-11,1,249.99,Completed,Mexico
2679,283,2,2024-07-11,2,149.99,Completed,Mexico
2680,56,4,2024-07-06,1,329.99,Completed,USA
2681,56,4,2024-07-06,1,329.99,Completed,USA
2682,56,12,2024-07-06,1,14.99,Completed,USA
2683,538,4,2024-07-24,1,329.99,Completed,Singapore
2684,728,1,2024-07-07,1,89.99,Completed,Canada
2685,728,7,2024-07-07,1,999.99,Completed,Canada
2686,728,8,2024-07-07,1,199.99,Completed,Canada
2687,135,4,2024-07-05,1,329.99,Completed,USA
2688,135,8,2024-07-05,1,199.99,Completed,USA
2689,96,1,2024-07-14,1,89.99,Returned,USA
2690,845,9,2024-07-02,1,49.99,Completed,USA
2691,451,4,2024-07-15,1,329.99,Completed,Japan
2692,230,1,2024-07-05,1,89.99,Completed,Brazil
2693,230,1,2024-07-05,1,89.99,Completed,Brazil
2694,230,4,2024-07-05,1,329.99,Completed,Brazil
2695,163,2,2024-07-19,1,149.99,Completed,France
2696,163,10,2024-07-19,1,249.99,Completed,France
2697,163,4,2024-07-19,1,329.99,Completed,France
2698,84,4,2024-07-26,1,329.99,Completed,USA
2699,84,6,2024-07-26,1,29.99,Completed,USA
2700,403,4,2024-07-15,2,329.99,Completed,Brazil
2701,403,5,2024-07-15,2,79.99,Completed,Brazil
2702,596,4,2024-07-10,1,329.99,Completed,USA
2703,596,4,2024-07-10,1,329.99,Completed,USA
2704,620,3,2024-07-25,2,59.99,Completed,Mexico
2705,620,2,2024-07-13,1,149.99,Completed,Mexico
2706,121,2,2024-07-03,1,149.99,Completed,USA
2707,682,4,2024-07-05,1,329.99,Completed,Japan
2708,682,2,2024-07-05,1,149.99,Completed,Japan
2709,682,5,2024-07-05,1,79.99,Completed,Japan
2710,418,8,2024-07-05,1,199.99,Completed,Canada
2711,585,3,2024-07-22,1,59.99,Completed,USA
2712,738,12,2024-07-31,1,14.99,Completed,Canada
2713,738,4,2024-07-31,1,329.99,Completed,Canada
2714,835,1,2024-07-02,1,89.99,Completed,Brazil
2715,835,6,2024-07-02,2,29.99,Returned,Brazil
2716,737,5,2024-07-09,2,79.99,Completed,USA
2717,578,4,2024-07-22,2,329.99,Completed,Germany
2718,738,8,2024-07-26,1,199.99,Completed,Canada
2719,738,3,2024-07-26,1,59.99,Completed,Canada
2720,738,3,2024-07-26,2,59.99,Completed,Canada
2721,515,4,2024-08-13,1,329.99,Completed,Mexico
2722,515,2,2024-08-13,1,149.99,Completed,Mexico
2723,549,4,2024-08-23,1,329.99,Completed,USA
2724,549,2,2024-08-23,2,149.99,Completed,USA
2725,549,12,2024-08-23,2,14.99,Completed,USA
2726,187,1,2024-08-04,1,89.99,Completed,Japan
2727,187,4,2024-08-04,1,329.99,Completed,Japan
2728,395,1,2024-08-04,1,89.99,Completed,Japan
2729,395,7,2024-08-04,1,999.99,Completed,Japan
2730,162,1,2024-08-31,1,89.99,Completed,Mexico
2731,219,6,2024-08-23,1,29.99,Completed,USA
2732,219,7,2024-08-23,1,999.99,Completed,USA
2733,508,4,2024-08-31,1,329.99,Completed,USA
2734,124,6,2024-08-03,1,29.99,Completed,Japan
2735,326,9,2024-08-06,1,49.99,Completed,Canada
2736,181,9,2024-08-14,1,49.99,Completed,USA
2737,181,7,2024-08-14,2,999.99,Returned,USA
2738,181,5,2024-08-14,1,79.99,Completed,USA
2739,836,6,2024-08-22,1,29.99,Completed,Australia
2740,152,5,2024-08-08,2,79.99,Completed,Japan
2741,152,4,2024-08-08,2,329.99,Returned,Japan
2742,848,8,2024-08-02,1,199.99,Completed,Canada
2743,848,12,2024-08-02,1,14.99,Returned,Canada
2744,848,12,2024-08-02,1,14.99,Completed,Canada
2745,675,11,2024-08-02,2,34.99,Completed,United Kingdom
2746,183,4,2024-08-24,1,329.99,Completed,Canada
2747,200,7,2024-08-04,1,999.99,Completed,USA
2748,127,6,2024-08-25,1,29.99,Completed,Japan
2749,127,2,2024-08-25,1,149.99,Completed,Japan
2750,203,4,2024-08-13,1,329.99,Completed,Canada
2751,401,7,2024-08-06,1,999.99,Completed,USA
2752,401,7,2024-08-06,2,999.99,Completed,USA
2753,353,4,2024-08-05,1,329.99,Completed,USA
2754,353,7,2024-08-05,2,999.99,Completed,USA
2755,353,4,2024-08-05,1,329.99,Completed,USA
2756,711,9,2024-08-27,1,49.99,Completed,USA
2757,711,4,2024-08-27,1,329.99,Completed,USA
2758,36,11,2024-08-16,2,34.99,Completed,Mexico
2759,399,12,2024-08-20,1,14.99,Completed,Germany
2760,205,1,2024-08-13,1,89.99,Completed,Canada
2761,103,3,2024-08-12,1,59.99,Completed,Brazil
2762,103,5,2024-08-12,2,79.99,Completed,Brazil
2763,103,6,2024-08-12,1,29.99,Completed,Brazil
2764,333,2,2024-08-15,1,149.99,Completed,USA
2765,333,2,2024-08-15,1,149.99,Completed,USA
2766,650,3,2024-08-04,1,59.99,Completed,Japan
2767,650,10,2024-08-04,1,249.99,Completed,Japan
2768,647,8,2024-08-28,1,199.99,Completed,USA
2769,387,12,2024-08-06,1,14.99,Completed,USA
2770,387,7,2024-08-06,2,999.99,Completed,USA
2771,387,11,2024-08-06,2,34.99,Completed,USA
2772,69,6,2024-08-28,1,29.99,Completed,Brazil
2773,813,10,2024-08-16,1,249.99,Completed,United Kingdom
2774,323,8,2024-08-08,1,199.99,Completed,France
2775,323,9,2024-08-08,1,49.99,Completed,France
2776,804,6,2024-08-10,2,29.99,Completed,Brazil
2777,804,4,2024-08-10,1,329.99,Completed,Brazil
2778,810,4,2024-08-16,1,329.99,Completed,Australia
2779,642,7,2024-08-22,1,999.99,Completed,Brazil
2780,351,1,2024-08-11,1,89.99,Completed,Japan
2781,607,6,2024-08-07,1,29.99,Completed,Brazil
2782,607,4,2024-08-07,1,329.99,Completed,Brazil
2783,683,10,2024-08-01,2,249.99,Completed,Brazil
2784,747,4,2024-08-22,1,329.99,Completed,USA
2785,441,5,2024-08-29,2,79.99,Completed,Japan
2786,441,7,2024-08-29,1,999.99,Completed,Japan
2787,237,2,2024-08-03,2,149.99,Completed,Brazil
2788,237,1,2024-08-03,1,89.99,Completed,Brazil
2789,544,7,2024-08-18,2,999.99,Completed,Canada
2790,653,7,2024-08-30,1,999.99,Completed,Singapore
2791,392,1,2024-08-11,1,89.99,Completed,USA
2792,128,1,2024-08-05,1,89.99,Completed,Germany
2793,25,9,2024-08-25,1,49.99,Completed,USA
2794,468,7,2024-08-26,1,999.99,Completed,Japan
2795,468,4,2024-08-26,1,329.99,Completed,Japan
2796,411,7,2024-08-10,1,999.99,Completed,Australia
2797,92,11,2024-08-14,2,34.99,Completed,USA
2798,92,1,2024-08-14,1,89.99,Completed,USA
2799,417,8,2024-08-08,2,199.99,Completed,Germany
2800,603,3,2024-08-24,2,59.99,Completed,Japan
2801,452,7,2024-08-03,1,999.99,Completed,USA
2802,713,2,2024-08-13,1,149.99,Completed,USA
2803,737,4,2024-08-01,1,329.99,Completed,USA
2804,474,4,2024-08-14,1,329.99,Completed,Canada
2805,474,11,2024-08-14,1,34.99,Completed,Canada
2806,289,4,2024-08-14,1,329.99,Completed,USA
2807,289,12,2024-08-14,1,14.99,Completed,USA
2808,264,11,2024-08-26,1,34.99,Completed,Singapore
2809,604,7,2024-08-08,1,999.99,Completed,Brazil
2810,604,7,2024-08-08,2,999.99,Completed,Brazil
2811,674,2,2024-08-23,1,149.99,Completed,Brazil
2812,513,8,2024-08-14,1,199.99,Completed,Brazil
2813,838,11,2024-08-18,1,34.99,Completed,USA
2814,162,5,2024-08-04,1,79.99,Completed,Mexico
2815,162,1,2024-08-04,2,89.99,Completed,Mexico
2816,162,5,2024-08-04,1,79.99,Completed,Mexico
2817,532,7,2024-08-12,2,999.99,Completed,USA
2818,484,10,2024-08-26,1,249.99,Completed,USA
2819,11,6,2024-08-02,1,29.99,Completed,Japan
2820,66,6,2024-08-05,1,29.99,Completed,USA
2821,66,8,2024-08-05,1,199.99,Completed,USA
2822,798,10,2024-08-04,1,249.99,Completed,Canada
2823,542,2,2024-08-23,1,149.99,Completed,Australia
2824,3,11,2024-08-18,1,34.99,Completed,France
2825,3,7,2024-08-18,1,999.99,Completed,France
2826,227,12,2024-08-03,1,14.99,Completed,Germany
2827,210,10,2024-08-10,1,249.99,Completed,Japan
2828,210,7,2024-08-10,1,999.99,Completed,Japan
2829,417,4,2024-08-07,2,329.99,Completed,Germany
2830,417,4,2024-08-07,2,329.99,Completed,Germany
2831,29,4,2024-08-02,1,329.99,Completed,Brazil
2832,29,8,2024-08-02,1,199.99,Completed,Brazil
2833,29,7,2024-08-02,2,999.99,Completed,Brazil
2834,477,1,2024-08-09,1,89.99,Completed,Singapore
2835,234,12,2024-08-18,1,14.99,Completed,Germany
2836,234,6,2024-08-18,1,29.99,Completed,Germany
2837,347,4,2024-08-06,1,329.99,Completed,Germany
2838,639,2,2024-08-26,1,149.99,Completed,Canada
2839,588,11,2024-08-04,1,34.99,Returned,USA
2840,203,5,2024-08-09,1,79.99,Completed,Canada
2841,439,12,2024-08-26,1,14.99,Completed,France
2842,795,4,2024-08-16,1,329.99,Completed,Canada
2843,767,7,2024-08-02,1,999.99,Returned,United Kingdom
2844,178,6,2024-08-30,1,29.99,Completed,United Kingdom
2845,175,3,2024-08-08,1,59.99,Completed,USA
2846,304,12,2024-08-15,1,14.99,Completed,Japan
2847,735,9,2024-08-06,1,49.99,Completed,Canada
2848,735,4,2024-08-06,2,329.99,Completed,Canada
2849,735,8,2024-08-06,1,199.99,Completed,Canada
2850,560,10,2024-08-15,2,249.99,Completed,USA
2851,560,4,2024-08-15,1,329.99,Completed,USA
2852,616,1,2024-08-30,1,89.99,Completed,Singapore
2853,616,3,2024-08-30,2,59.99,Completed,Singapore
2854,481,4,2024-08-21,1,329.99,Returned,Brazil
2855,599,4,2024-08-26,1,329.99,Completed,USA
2856,599,11,2024-08-26,1,34.99,Completed,USA
2857,498,5,2024-08-08,1,79.99,Completed,United Kingdom
2858,103,12,2024-08-05,1,14.99,Completed,Brazil
2859,43,6,2024-08-08,1,29.99,Completed,Mexico
2860,43,11,2024-08-08,1,34.99,Completed,Mexico
2861,43,1,2024-08-08,2,89.99,Completed,Mexico
2862,37,8,2024-08-26,1,199.99,Completed,Brazil
2863,37,8,2024-08-26,1,199.99,Completed,Brazil
2864,783,2,2024-08-04,1,149.99,Completed,Japan
2865,767,6,2024-08-09,1,29.99,Completed,United Kingdom
2866,370,2,2024-08-28,2,149.99,Completed,Australia
2867,329,11,2024-08-22,2,34.99,Completed,Brazil
2868,329,2,2024-08-22,1,149.99,Completed,Brazil
2869,329,7,2024-08-22,1,999.99,Completed,Brazil
2870,19,7,2024-08-10,1,999.99,Completed,France
2871,19,1,2024-08-10,1,89.99,Completed,France
2872,19,8,2024-08-10,1,199.99,Completed,France
2873,807,3,2024-08-22,1,59.99,Completed,Germany
2874,215,8,2024-08-06,2,199.99,Completed,USA
2875,215,2,2024-08-06,2,149.99,Completed,USA
2876,215,9,2024-08-06,1,49.99,Completed,USA
2877,581,1,2024-08-05,2,89.99,Completed,Mexico
2878,86,1,2024-08-05,1,89.99,Completed,Brazil
2879,86,12,2024-08-05,1,14.99,Completed,Brazil
2880,120,10,2024-08-03,2,249.99,Completed,Canada
2881,156,8,2024-08-19,2,199.99,Completed,Germany
2882,475,7,2024-08-22,1,999.99,Completed,Australia
2883,475,8,2024-08-22,1,199.99,Completed,Australia
2884,387,3,2024-08-03,1,59.99,Completed,USA
2885,565,2,2024-08-11,1,149.99,Completed,USA
2886,552,3,2024-08-25,1,59.99,Completed,Mexico
2887,552,4,2024-08-25,1,329.99,Completed,Mexico
2888,178,8,2024-08-26,1,199.99,Completed,United Kingdom
2889,552,4,2024-08-05,2,329.99,Completed,Mexico
2890,552,1,2024-08-05,1,89.99,Completed,Mexico
2891,552,6,2024-08-05,2,29.99,Completed,Mexico
2892,137,1,2024-08-27,2,89.99,Completed,Germany
2893,137,12,2024-08-27,2,14.99,Completed,Germany
2894,538,4,2024-08-16,1,329.99,Completed,Singapore
2895,398,12,2024-08-21,2,14.99,Completed,USA
2896,794,4,2024-08-24,1,329.99,Completed,France
2897,675,2,2024-08-06,2,149.99,Completed,United Kingdom
2898,184,1,2024-08-03,1,89.99,Completed,USA
2899,168,7,2024-08-20,1,999.99,Completed,USA
2900,582,8,2024-08-25,2,199.99,Completed,Canada
2901,582,7,2024-08-25,1,999.99,Completed,Canada
2902,668,8,2024-08-06,1,199.99,Completed,Germany
2903,668,1,2024-08-06,1,89.99,Completed,Germany
2904,357,2,2024-08-30,1,149.99,Completed,Germany
2905,406,4,2024-08-07,1,329.99,Completed,USA
2906,406,2,2024-08-07,1,149.99,Completed,USA
2907,241,6,2024-08-18,1,29.99,Completed,Germany
2908,241,10,2024-08-18,1,249.99,Completed,Germany
2909,786,5,2024-08-20,2,79.99,Completed,Australia
2910,469,7,2024-08-25,1,999.99,Completed,France
2911,514,9,2024-08-20,1,49.99,Completed,Australia
2912,514,5,2024-08-20,1,79.99,Completed,Australia
2913,514,7,2024-08-20,2,999.99,Completed,Australia
2914,466,6,2024-08-04,1,29.99,Returned,USA
2915,77,5,2024-09-07,1,79.99,Completed,Germany
2916,232,1,2024-09-23,1,89.99,Completed,Brazil
2917,192,10,2024-09-15,2,249.99,Completed,United Kingdom
2918,192,12,2024-09-15,1,14.99,Completed,United Kingdom
2919,192,11,2024-09-15,2,34.99,Completed,United Kingdom
2920,667,7,2024-09-02,1,999.99,Completed,Australia
2921,651,1,2024-09-29,1,89.99,Completed,Australia
2922,651,1,2024-09-29,1,89.99,Completed,Australia
2923,651,5,2024-09-29,2,79.99,Completed,Australia
2924,516,12,2024-09-23,2,14.99,Completed,Australia
2925,253,7,2024-09-18,1,999.99,Completed,Germany
2926,253,1,2024-09-18,1,89.99,Completed,Germany
2927,386,6,2024-09-12,1,29.99,Completed,Canada
2928,386,4,2024-09-12,1,329.99,Completed,Canada
2929,459,5,2024-09-07,1,79.99,Completed,Australia
2930,280,7,2024-09-22,2,999.99,Completed,Mexico
2931,140,5,2024-09-19,2,79.99,Completed,Brazil
2932,140,7,2024-09-19,2,999.99,Completed,Brazil
2933,65,7,2024-09-25,2,999.99,Returned,Mexico
2934,4,4,2024-09-18,2,329.99,Completed,USA
2935,4,4,2024-09-18,1,329.99,Completed,USA
2936,78,7,2024-09-17,1,999.99,Completed,United Kingdom
2937,470,2,2024-09-17,1,149.99,Completed,USA
2938,470,4,2024-09-17,1,329.99,Completed,USA
2939,324,7,2024-09-01,2,999.99,Completed,Mexico
2940,324,4,2024-09-01,1,329.99,Completed,Mexico
2941,410,11,2024-09-10,1,34.99,Completed,Germany
2942,184,3,2024-09-09,1,59.99,Completed,USA
2943,1,6,2024-09-18,1,29.99,Completed,USA
2944,1,9,2024-09-18,1,49.99,Completed,USA
2945,1,3,2024-09-18,1,59.99,Completed,USA
2946,15,9,2024-09-05,1,49.99,Completed,Singapore
2947,15,2,2024-09-05,1,149.99,Completed,Singapore
2948,779,7,2024-09-22,1,999.99,Returned,United Kingdom
2949,367,6,2024-09-13,1,29.99,Completed,France
2950,555,4,2024-09-22,1,329.99,Completed,Germany
2951,555,5,2024-09-22,1,79.99,Completed,Germany
2952,544,11,2024-09-16,1,34.99,Completed,Canada
2953,647,4,2024-09-25,1,329.99,Returned,USA
2954,278,12,2024-09-30,1,14.99,Completed,Canada
2955,45,7,2024-09-13,2,999.99,Completed,USA
2956,411,4,2024-09-27,1,329.99,Completed,Australia
2957,411,9,2024-09-27,1,49.99,Completed,Australia
2958,353,2,2024-09-20,2,149.99,Completed,USA
2959,353,10,2024-09-20,1,249.99,Completed,USA
2960,221,7,2024-09-30,2,999.99,Completed,Australia
2961,265,11,2024-09-16,1,34.99,Completed,Singapore
2962,334,7,2024-09-12,1,999.99,Completed,Mexico
2963,844,3,2024-09-27,1,59.99,Completed,Germany
2964,141,8,2024-09-10,1,199.99,Completed,Australia
2965,58,2,2024-09-01,1,149.99,Completed,Japan
2966,58,12,2024-09-01,1,14.99,Completed,Japan
2967,798,9,2024-09-16,1,49.99,Completed,Canada
2968,161,7,2024-09-14,1,999.99,Completed,Japan
2969,161,6,2024-09-14,1,29.99,Completed,Japan
2970,161,2,2024-09-14,1,149.99,Completed,Japan
2971,355,1,2024-09-05,1,89.99,Completed,Germany
2972,355,4,2024-09-05,1,329.99,Completed,Germany
2973,460,11,2024-09-03,1,34.99,Completed,Brazil
2974,614,5,2024-09-03,1,79.99,Completed,Australia
2975,784,4,2024-09-12,1,329.99,Completed,United Kingdom
2976,542,4,2024-09-24,2,329.99,Completed,Australia
2977,542,6,2024-09-24,2,29.99,Completed,Australia
2978,542,3,2024-09-24,1,59.99,Completed,Australia
2979,237,1,2024-09-16,1,89.99,Completed,Brazil
2980,223,9,2024-09-14,1,49.99,Completed,Canada
2981,660,4,2024-09-17,1,329.99,Completed,USA
2982,660,5,2024-09-17,1,79.99,Completed,USA
2983,571,2,2024-09-03,2,149.99,Completed,France
2984,293,2,2024-09-27,1,149.99,Completed,Brazil
2985,126,4,2024-09-15,1,329.99,Completed,United Kingdom
2986,126,7,2024-09-15,1,999.99,Completed,United Kingdom
2987,436,4,2024-09-22,2,329.99,Completed,USA
2988,454,2,2024-09-24,2,149.99,Completed,USA
2989,67,9,2024-09-10,1,49.99,Completed,Brazil
2990,590,9,2024-09-09,1,49.99,Completed,Mexico
2991,590,4,2024-09-09,1,329.99,Completed,Mexico
2992,590,1,2024-09-09,1,89.99,Completed,Mexico
2993,592,3,2024-09-01,1,59.99,Completed,Canada
2994,722,4,2024-09-03,1,329.99,Completed,Mexico
2995,175,3,2024-09-21,1,59.99,Completed,USA
2996,687,4,2024-09-20,1,329.99,Completed,Australia
2997,687,9,2024-09-20,2,49.99,Completed,Australia
2998,687,4,2024-09-20,1,329.99,Completed,Australia
2999,607,1,2024-09-02,2,89.99,Completed,Brazil
3000,679,1,2024-09-28,1,89.99,Completed,Canada
3001,554,4,2024-09-07,2,329.99,Completed,USA
3002,554,4,2024-09-07,1,329.99,Completed,USA
3003,809,4,2024-09-09,1,329.99,Completed,USA
3004,809,4,2024-09-09,1,329.99,Completed,USA
3005,744,6,2024-09-07,1,29.99,Completed,United Kingdom
3006,744,1,2024-09-07,1,89.99,Completed,United Kingdom
3007,504,3,2024-09-27,1,59.99,Completed,United Kingdom
3008,24,11,2024-09-24,1,34.99,Completed,USA
3009,24,5,2024-09-24,1,79.99,Completed,USA
3010,24,2,2024-09-24,2,149.99,Completed,USA
3011,600,9,2024-09-07,1,49.99,Completed,Germany
3012,673,8,2024-09-11,2,199.99,Returned,USA
3013,673,7,2024-09-11,1,999.99,Returned,USA
3014,673,8,2024-09-11,1,199.99,Completed,USA
3015,82,10,2024-09-01,1,249.99,Completed,Germany
3016,486,10,2024-09-10,1,249.99,Completed,Australia
3017,741,1,2024-09-14,1,89.99,Completed,France
3018,817,1,2024-09-04,1,89.99,Completed,USA
3019,817,11,2024-09-04,1,34.99,Completed,USA
3020,817,5,2024-09-04,2,79.99,Completed,USA
3021,352,5,2024-09-30,2,79.99,Completed,USA
3022,352,5,2024-09-30,1,79.99,Completed,USA
3023,352,4,2024-09-30,1,329.99,Completed,USA
3024,722,6,2024-09-01,2,29.99,Completed,Mexico
3025,649,3,2024-09-10,1,59.99,Completed,Mexico
3026,246,2,2024-09-19,1,149.99,Completed,Japan
3027,119,3,2024-09-04,1,59.99,Completed,Japan
3028,246,5,2024-09-16,1,79.99,Completed,Japan
3029,432,1,2024-09-25,1,89.99,Completed,Singapore
3030,432,6,2024-09-25,2,29.99,Completed,Singapore
3031,263,4,2024-09-03,1,329.99,Completed,Canada
3032,263,7,2024-09-03,2,999.99,Completed,Canada
3033,263,4,2024-09-03,1,329.99,Completed,Canada
3034,838,10,2024-09-21,1,249.99,Completed,USA
3035,838,12,2024-09-21,1,14.99,Completed,USA
3036,574,5,2024-09-18,1,79.99,Returned,United Kingdom
3037,147,4,2024-09-16,1,329.99,Completed,Germany
3038,693,6,2024-09-09,1,29.99,Completed,USA
3039,814,4,2024-09-07,1,329.99,Completed,United Kingdom
3040,814,4,2024-09-07,1,329.99,Completed,United Kingdom
3041,814,2,2024-09-07,1,149.99,Completed,United Kingdom
3042,522,8,2024-09-15,1,199.99,Completed,Germany
3043,522,8,2024-09-15,1,199.99,Completed,Germany
3044,465,8,2024-09-05,1,199.99,Completed,USA
3045,465,12,2024-09-05,1,14.99,Completed,USA
3046,278,2,2024-09-25,1,149.99,Completed,Canada
3047,278,8,2024-09-25,1,199.99,Completed,Canada
3048,211,7,2024-09-18,1,999.99,Completed,Mexico
3049,228,4,2024-09-24,2,329.99,Completed,USA
3050,97,1,2024-09-08,1,89.99,Completed,France
3051,97,5,2024-09-08,2,79.99,Completed,France
3052,97,2,2024-09-08,1,149.99,Completed,France
3053,41,7,2024-09-30,1,999.99,Completed,USA
3054,88,7,2024-09-20,2,999.99,Completed,France
3055,8,1,2024-09-09,2,89.99,Completed,Canada
3056,8,4,2024-09-09,1,329.99,Completed,Canada
3057,565,7,2024-09-21,1,999.99,Completed,USA
3058,650,8,2024-09-30,2,199.99,Completed,Japan
3059,155,3,2024-09-24,2,59.99,Completed,Singapore
3060,182,5,2024-09-12,1,79.99,Completed,Australia
3061,190,4,2024-09-10,1,329.99,Completed,Canada
3062,637,4,2024-09-02,2,329.99,Returned,Germany
3063,13,5,2024-09-05,1,79.99,Completed,United Kingdom
3064,156,7,2024-09-25,1,999.99,Completed,Germany
3065,822,6,2024-09-14,1,29.99,Completed,Singapore
3066,822,6,2024-09-14,1,29.99,Returned,Singapore
3067,477,4,2024-09-16,2,329.99,Completed,Singapore
3068,477,12,2024-09-16,1,14.99,Completed,Singapore
3069,473,4,2024-09-03,2,329.99,Completed,Mexico
3070,833,8,2024-09-13,2,199.99,Completed,Germany
3071,671,2,2024-09-13,1,149.99,Completed,Brazil
3072,260,9,2024-09-11,2,49.99,Completed,USA
3073,260,12,2024-09-11,1,14.99,Completed,USA
3074,260,6,2024-09-11,1,29.99,Completed,USA
3075,7,3,2024-09-15,1,59.99,Completed,Australia
3076,231,10,2024-09-25,1,249.99,Completed,Germany
3077,148,1,2024-09-03,1,89.99,Completed,Australia
3078,602,12,2024-09-09,1,14.99,Completed,Canada
3079,602,4,2024-09-09,2,329.99,Completed,Canada
3080,486,7,2024-09-29,1,999.99,Completed,Australia
3081,431,4,2024-09-21,1,329.99,Completed,Canada
3082,482,5,2024-09-14,1,79.99,Completed,United Kingdom
3083,25,12,2024-09-22,1,14.99,Completed,USA
3084,392,1,2024-09-02,1,89.99,Completed,USA
3085,550,2,2024-09-19,2,149.99,Completed,United Kingdom
3086,550,8,2024-09-19,1,199.99,Completed,United Kingdom
3087,424,4,2024-09-09,2,329.99,Completed,Australia
3088,475,5,2024-09-13,1,79.99,Completed,Australia
3089,475,3,2024-09-13,1,59.99,Completed,Australia
3090,674,1,2024-09-18,1,89.99,Completed,Brazil
3091,674,7,2024-09-18,1,999.99,Completed,Brazil
3092,674,4,2024-09-18,1,329.99,Completed,Brazil
3093,755,4,2024-09-24,1,329.99,Completed,Mexico
3094,755,12,2024-09-24,1,14.99,Completed,Mexico
3095,277,5,2024-09-15,1,79.99,Completed,USA
3096,277,12,2024-09-15,2,14.99,Completed,USA
3097,443,10,2024-09-06,1,249.99,Completed,France
3098,171,8,2024-09-07,1,199.99,Completed,Australia
3099,171,4,2024-09-07,1,329.99,Returned,Australia
3100,214,1,2024-09-25,1,89.99,Completed,Germany
3101,813,5,2024-09-10,1,79.99,Completed,United Kingdom
3102,813,1,2024-09-10,1,89.99,Completed,United Kingdom
3103,122,6,2024-09-13,1,29.99,Completed,Canada
3104,122,7,2024-09-13,1,999.99,Completed,Canada
3105,760,6,2024-09-27,2,29.99,Completed,Mexico
3106,633,6,2024-09-02,1,29.99,Completed,United Kingdom
3107,85,4,2024-09-28,1,329.99,Returned,USA
3108,85,1,2024-09-28,1,89.99,Completed,USA
3109,85,1,2024-09-28,1,89.99,Completed,USA
3110,457,7,2024-09-03,1,999.99,Completed,Canada
3111,457,8,2024-09-03,1,199.99,Completed,Canada
3112,457,4,2024-09-03,1,329.99,Completed,Canada
3113,825,4,2024-09-28,1,329.99,Completed,United Kingdom
3114,825,3,2024-09-28,2,59.99,Returned,United Kingdom
3115,330,7,2024-09-13,1,999.99,Completed,USA
3116,330,8,2024-09-13,2,199.99,Completed,USA
3117,330,2,2024-09-13,1,149.99,Completed,USA
3118,564,7,2024-09-05,1,999.99,Completed,Japan
3119,724,1,2024-10-25,1,89.99,Completed,United Kingdom
3120,669,7,2024-10-08,1,999.99,Completed,Australia
3121,153,1,2024-10-31,1,89.99,Completed,Canada
3122,153,1,2024-10-31,1,89.99,Completed,Canada
3123,140,11,2024-10-15,1,34.99,Completed,Brazil
3124,164,4,2024-10-31,1,329.99,Completed,France
3125,164,12,2024-10-31,1,14.99,Completed,France
3126,563,7,2024-10-04,1,999.99,Returned,United Kingdom
3127,563,4,2024-10-04,2,329.99,Completed,United Kingdom
3128,178,4,2024-10-08,1,329.99,Returned,United Kingdom
3129,131,2,2024-10-18,1,149.99,Returned,United Kingdom
3130,741,2,2024-10-29,1,149.99,Completed,France
3131,741,12,2024-10-29,2,14.99,Completed,France
3132,92,11,2024-10-05,1,34.99,Returned,USA
3133,754,4,2024-10-14,1,329.99,Completed,Germany
3134,313,2,2024-10-21,2,149.99,Completed,Singapore
3135,225,4,2024-10-28,1,329.99,Completed,USA
3136,225,4,2024-10-28,1,329.99,Completed,USA
3137,153,6,2024-10-09,2,29.99,Completed,Canada
3138,420,12,2024-10-18,1,14.99,Completed,Mexico
3139,470,5,2024-10-22,1,79.99,Completed,USA
3140,470,10,2024-10-22,2,249.99,Completed,USA
3141,716,2,2024-10-26,1,149.99,Completed,United Kingdom
3142,79,11,2024-10-31,2,34.99,Completed,Germany
3143,79,5,2024-10-31,1,79.99,Completed,Germany
3144,301,1,2024-10-16,1,89.99,Completed,Brazil
3145,655,1,2024-10-07,1,89.99,Completed,USA
3146,311,12,2024-10-17,1,14.99,Completed,USA
3147,321,2,2024-10-28,1,149.99,Completed,Brazil
3148,757,2,2024-10-25,1,149.99,Completed,Canada
3149,345,10,2024-10-26,1,249.99,Completed,Australia
3150,263,12,2024-10-19,1,14.99,Completed,Canada
3151,263,7,2024-10-19,1,999.99,Completed,Canada
3152,104,9,2024-10-22,1,49.99,Completed,Japan
3153,104,5,2024-10-22,1,79.99,Completed,Japan
3154,440,4,2024-10-08,1,329.99,Completed,Singapore
3155,515,1,2024-10-26,1,89.99,Completed,Mexico
3156,430,4,2024-10-18,1,329.99,Completed,USA
3157,19,8,2024-10-12,1,199.99,Completed,France
3158,19,8,2024-10-12,1,199.99,Completed,France
3159,31,4,2024-10-04,2,329.99,Returned,Canada
3160,31,12,2024-10-04,2,14.99,Completed,Canada
3161,731,5,2024-10-24,1,79.99,Completed,Canada
3162,208,8,2024-10-06,1,199.99,Completed,Mexico
3163,564,7,2024-10-27,1,999.99,Completed,Japan
3164,827,1,2024-10-09,1,89.99,Completed,Brazil
3165,487,1,2024-10-27,2,89.99,Completed,Australia
3166,604,8,2024-10-27,2,199.99,Completed,Brazil
3167,776,8,2024-10-13,1,199.99,Completed,USA
3168,776,7,2024-10-13,1,999.99,Completed,USA
3169,265,3,2024-10-04,2,59.99,Completed,Singapore
3170,337,8,2024-10-28,1,199.99,Completed,Australia
3171,346,1,2024-10-17,2,89.99,Completed,Germany
3172,572,6,2024-10-17,1,29.99,Completed,France
3173,572,7,2024-10-17,1,999.99,Completed,France
3174,426,6,2024-10-04,1,29.99,Completed,Canada
3175,482,11,2024-10-27,2,34.99,Completed,United Kingdom
3176,503,2,2024-10-25,1,149.99,Completed,Canada
3177,42,10,2024-10-15,1,249.99,Completed,USA
3178,42,3,2024-10-15,1,59.99,Completed,USA
3179,42,8,2024-10-15,1,199.99,Completed,USA
3180,477,1,2024-10-28,1,89.99,Completed,Singapore
3181,477,4,2024-10-28,1,329.99,Completed,Singapore
3182,845,1,2024-10-04,2,89.99,Completed,USA
3183,782,8,2024-10-13,2,199.99,Completed,USA
3184,782,4,2024-10-13,2,329.99,Completed,USA
3185,592,8,2024-10-28,1,199.99,Completed,Canada
3186,592,1,2024-10-28,1,89.99,Completed,Canada
3187,306,1,2024-10-27,2,89.99,Completed,Canada
3188,223,12,2024-10-07,1,14.99,Completed,Canada
3189,161,8,2024-10-10,1,199.99,Completed,Japan
3190,161,10,2024-10-10,1,249.99,Completed,Japan
3191,161,10,2024-10-10,1,249.99,Completed,Japan
3192,11,4,2024-10-10,1,329.99,Completed,Japan
3193,11,4,2024-10-10,1,329.99,Returned,Japan
3194,11,1,2024-10-10,1,89.99,Completed,Japan
3195,737,6,2024-10-12,2,29.99,Completed,USA
3196,737,4,2024-10-12,1,329.99,Completed,USA
3197,737,10,2024-10-12,1,249.99,Completed,USA
3198,564,4,2024-10-03,1,329.99,Completed,Japan
3199,283,3,2024-10-30,1,59.99,Completed,Mexico
3200,840,4,2024-10-26,1,329.99,Completed,Canada
3201,253,8,2024-10-18,1,199.99,Completed,Germany
3202,789,4,2024-10-03,1,329.99,Completed,France
3203,789,7,2024-10-03,2,999.99,Completed,France
3204,350,4,2024-10-12,1,329.99,Completed,Mexico
3205,832,3,2024-10-20,2,59.99,Returned,France
3206,303,8,2024-10-26,1,199.99,Completed,USA
3207,474,7,2024-10-15,2,999.99,Returned,Canada
3208,513,4,2024-10-15,1,329.99,Completed,Brazil
3209,493,7,2024-10-18,1,999.99,Completed,Canada
3210,493,3,2024-10-18,1,59.99,Completed,Canada
3211,304,4,2024-10-27,1,329.99,Completed,Japan
3212,688,2,2024-10-06,1,149.99,Completed,Canada
3213,790,6,2024-10-25,1,29.99,Completed,USA
3214,191,4,2024-10-18,1,329.99,Completed,USA
3215,439,5,2024-10-09,2,79.99,Completed,France
3216,70,12,2024-10-28,1,14.99,Completed,Germany
3217,70,12,2024-10-28,2,14.99,Completed,Germany
3218,709,1,2024-10-05,2,89.99,Completed,USA
3219,487,11,2024-10-20,1,34.99,Completed,Australia
3220,530,7,2024-10-30,1,999.99,Completed,USA
3221,530,8,2024-10-30,1,199.99,Completed,USA
3222,619,2,2024-10-25,2,149.99,Completed,USA
3223,336,12,2024-10-20,1,14.99,Completed,USA
3224,336,8,2024-10-20,2,199.99,Completed,USA
3225,513,8,2024-10-20,1,199.99,Completed,Brazil
3226,513,4,2024-10-20,1,329.99,Completed,Brazil
3227,29,3,2024-10-08,1,59.99,Completed,Brazil
3228,29,8,2024-10-08,1,199.99,Completed,Brazil
3229,29,7,2024-10-08,1,999.99,Completed,Brazil
3230,109,5,2024-10-25,1,79.99,Completed,USA
3231,502,12,2024-10-14,1,14.99,Completed,France
3232,59,7,2024-10-25,1,999.99,Completed,USA
3233,275,6,2024-10-27,1,29.99,Completed,Brazil
3234,180,4,2024-10-31,1,329.99,Completed,France
3235,826,11,2024-10-06,2,34.99,Completed,USA
3236,583,1,2024-10-26,1,89.99,Completed,United Kingdom
3237,408,1,2024-10-09,2,89.99,Completed,Japan
3238,462,11,2024-10-15,1,34.99,Completed,Brazil
3239,462,11,2024-10-15,1,34.99,Completed,Brazil
3240,34,8,2024-10-10,2,199.99,Completed,Australia
3241,34,3,2024-10-10,1,59.99,Completed,Australia
3242,577,12,2024-10-09,1,14.99,Completed,USA
3243,577,1,2024-10-09,2,89.99,Completed,USA
3244,63,8,2024-10-06,1,199.99,Completed,Singapore
3245,63,7,2024-10-06,1,999.99,Completed,Singapore
3246,63,8,2024-10-06,2,199.99,Completed,Singapore
3247,90,9,2024-10-06,1,49.99,Completed,Brazil
3248,90,8,2024-10-06,2,199.99,Completed,Brazil
3249,464,5,2024-10-13,1,79.99,Completed,USA
3250,464,8,2024-10-13,2,199.99,Completed,USA
3251,24,10,2024-10-15,2,249.99,Completed,USA
3252,24,1,2024-10-15,2,89.99,Completed,USA
3253,24,8,2024-10-15,1,199.99,Completed,USA
3254,11,6,2024-10-22,1,29.99,Completed,Japan
3255,11,2,2024-10-22,1,149.99,Completed,Japan
3256,796,7,2024-10-27,1,999.99,Completed,Singapore
3257,796,6,2024-10-27,1,29.99,Completed,Singapore
3258,178,12,2024-10-29,1,14.99,Completed,United Kingdom
3259,7,4,2024-10-31,1,329.99,Completed,Australia
3260,340,1,2024-10-12,1,89.99,Completed,USA
3261,340,3,2024-10-12,1,59.99,Completed,USA
3262,415,6,2024-10-19,1,29.99,Completed,France
3263,214,9,2024-10-20,1,49.99,Completed,Germany
3264,253,4,2024-10-13,1,329.99,Completed,Germany
3265,253,1,2024-10-13,1,89.99,Completed,Germany
3266,253,10,2024-10-13,1,249.99,Completed,Germany
3267,93,5,2024-10-06,1,79.99,Completed,USA
3268,93,4,2024-10-06,1,329.99,Completed,USA
3269,121,5,2024-10-05,1,79.99,Completed,USA
3270,471,3,2024-10-10,1,59.99,Completed,USA
3271,394,10,2024-10-06,1,249.99,Completed,Brazil
3272,459,7,2024-10-11,1,999.99,Returned,Australia
3273,459,3,2024-10-11,2,59.99,Completed,Australia
3274,132,12,2024-10-31,2,14.99,Completed,Japan
3275,521,4,2024-10-21,1,329.99,Completed,USA
3276,521,4,2024-10-21,2,329.99,Completed,USA
3277,5,7,2024-10-19,1,999.99,Completed,United Kingdom
3278,141,7,2024-10-09,1,999.99,Completed,Australia
3279,364,3,2024-10-01,1,59.99,Completed,United Kingdom
3280,656,7,2024-10-04,1,999.99,Completed,USA
3281,606,5,2024-10-15,1,79.99,Completed,Australia
3282,606,10,2024-10-15,1,249.99,Completed,Australia
3283,242,9,2024-10-23,1,49.99,Completed,USA
3284,242,6,2024-10-23,1,29.99,Completed,USA
3285,242,8,2024-10-23,1,199.99,Completed,USA
3286,556,4,2024-10-16,2,329.99,Completed,Australia
3287,204,3,2024-10-31,1,59.99,Completed,USA
3288,441,7,2024-10-12,1,999.99,Completed,Japan
3289,297,1,2024-10-31,1,89.99,Completed,Singapore
3290,368,2,2024-10-24,1,149.99,Completed,USA
3291,329,9,2024-10-23,1,49.99,Completed,Brazil
3292,758,5,2024-10-17,1,79.99,Completed,Canada
3293,222,8,2024-10-28,1,199.99,Completed,USA
3294,222,4,2024-10-28,1,329.99,Completed,USA
3295,359,8,2024-10-01,2,199.99,Completed,Japan
3296,359,8,2024-10-01,2,199.99,Completed,Japan
3297,359,7,2024-10-01,1,999.99,Completed,Japan
3298,167,3,2024-10-08,1,59.99,Completed,USA
3299,167,9,2024-10-08,2,49.99,Completed,USA
3300,711,4,2024-10-15,1,329.99,Completed,USA
3301,351,4,2024-10-27,1,329.99,Completed,Japan
3302,351,5,2024-10-27,1,79.99,Completed,Japan
3303,351,1,2024-10-27,1,89.99,Completed,Japan
3304,52,3,2024-10-24,1,59.99,Completed,USA
3305,52,6,2024-10-24,1,29.99,Completed,USA
3306,52,4,2024-10-24,2,329.99,Completed,USA
3307,607,1,2024-10-08,1,89.99,Returned,Brazil
3308,542,7,2024-10-05,1,999.99,Completed,Australia
3309,410,4,2024-10-04,1,329.99,Completed,Germany
3310,410,4,2024-10-04,1,329.99,Completed,Germany
3311,410,3,2024-10-04,1,59.99,Returned,Germany
3312,587,2,2024-10-11,1,149.99,Completed,Canada
3313,436,8,2024-10-22,1,199.99,Completed,USA
3314,421,12,2024-10-04,1,14.99,Completed,USA
3315,96,2,2024-10-31,1,149.99,Completed,USA
3316,283,11,2024-10-29,1,34.99,Completed,Mexico
3317,283,5,2024-10-29,2,79.99,Completed,Mexico
3318,431,4,2024-10-29,1,329.99,Completed,Canada
3319,431,7,2024-10-29,1,999.99,Completed,Canada
3320,47,4,2024-10-27,1,329.99,Completed,Japan
3321,349,5,2024-10-04,1,79.99,Completed,Germany
3322,507,4,2024-10-20,1,329.99,Completed,USA
3323,507,5,2024-10-20,1,79.99,Completed,USA
3324,173,4,2024-11-08,1,329.99,Completed,USA
3325,514,3,2024-11-27,1,59.99,Completed,Australia
3326,301,8,2024-11-25,2,199.99,Completed,Brazil
3327,141,7,2024-11-14,2,999.99,Completed,Australia
3328,141,3,2024-11-14,1,59.99,Returned,Australia
3329,348,4,2024-11-08,1,329.99,Completed,Japan
3330,275,8,2024-11-06,1,199.99,Completed,Brazil
3331,605,9,2024-11-20,1,49.99,Completed,Brazil
3332,689,5,2024-11-14,2,79.99,Completed,Australia
3333,467,3,2024-11-17,1,59.99,Completed,France
3334,467,4,2024-11-17,2,329.99,Completed,France
3335,467,7,2024-11-17,2,999.99,Completed,France
3336,696,3,2024-11-29,1,59.99,Completed,USA
3337,305,4,2024-11-29,1,329.99,Completed,France
3338,305,2,2024-11-29,2,149.99,Completed,France
3339,305,2,2024-11-29,1,149.99,Returned,France
3340,530,8,2024-11-10,2,199.99,Completed,USA
3341,771,4,2024-11-29,1,329.99,Completed,Mexico
3342,436,1,2024-11-19,2,89.99,Completed,USA
3343,436,1,2024-11-19,2,89.99,Completed,USA
3344,124,8,2024-11-18,2,199.99,Completed,Japan
3345,124,11,2024-11-18,1,34.99,Completed,Japan
3346,790,7,2024-11-17,2,999.99,Completed,USA
3347,515,7,2024-11-25,1,999.99,Completed,Mexico
3348,770,2,2024-11-07,1,149.99,Completed,USA
3349,711,8,2024-11-20,2,199.99,Returned,USA
3350,711,10,2024-11-20,1,249.99,Completed,USA
3351,711,10,2024-11-20,1,249.99,Completed,USA
3352,143,5,2024-11-27,1,79.99,Completed,Germany
3353,575,6,2024-11-14,2,29.99,Completed,USA
3354,575,5,2024-11-14,2,79.99,Completed,USA
3355,192,1,2024-11-27,1,89.99,Completed,United Kingdom
3356,693,2,2024-11-29,1,149.99,Completed,USA
3357,693,5,2024-11-29,1,79.99,Completed,USA
3358,581,2,2024-11-27,1,149.99,Completed,Mexico
3359,429,11,2024-11-23,1,34.99,Completed,Brazil
3360,93,6,2024-11-15,1,29.99,Completed,USA
3361,93,2,2024-11-15,1,149.99,Completed,USA
3362,212,8,2024-11-23,1,199.99,Completed,France
3363,212,1,2024-11-23,1,89.99,Completed,France
3364,212,4,2024-11-23,1,329.99,Completed,France
3365,368,12,2024-11-25,2,14.99,Returned,USA
3366,390,7,2024-11-20,2,999.99,Completed,USA
3367,377,2,2024-11-09,1,149.99,Completed,USA
3368,377,11,2024-11-09,1,34.99,Completed,USA
3369,377,3,2024-11-09,1,59.99,Completed,USA
3370,802,1,2024-11-28,1,89.99,Completed,United Kingdom
3371,802,5,2024-11-28,1,79.99,Completed,United Kingdom
3372,802,4,2024-11-28,1,329.99,Completed,United Kingdom
3373,695,7,2024-11-04,1,999.99,Completed,USA
3374,667,8,2024-11-28,1,199.99,Completed,Australia
3375,96,4,2024-11-11,1,329.99,Completed,USA
3376,160,7,2024-11-14,1,999.99,Completed,USA
3377,160,5,2024-11-14,1,79.99,Completed,USA
3378,542,4,2024-11-06,1,329.99,Completed,Australia
3379,789,4,2024-11-10,1,329.99,Completed,France
3380,789,1,2024-11-10,1,89.99,Completed,France
3381,789,7,2024-11-10,1,999.99,Completed,France
3382,189,7,2024-11-21,1,999.99,Returned,Germany
3383,553,7,2024-11-01,1,999.99,Completed,USA
3384,395,9,2024-11-28,2,49.99,Completed,Japan
3385,16,2,2024-11-18,1,149.99,Completed,USA
3386,123,8,2024-11-15,1,199.99,Completed,France
3387,432,3,2024-11-07,1,59.99,Completed,Singapore
3388,432,7,2024-11-07,1,999.99,Completed,Singapore
3389,343,11,2024-11-17,1,34.99,Completed,Canada
3390,343,8,2024-11-17,1,199.99,Completed,Canada
3391,674,7,2024-11-05,1,999.99,Completed,Brazil
3392,611,12,2024-11-01,2,14.99,Returned,Germany
3393,611,6,2024-11-01,1,29.99,Completed,Germany
3394,836,7,2024-11-30,2,999.99,Returned,Australia
3395,836,11,2024-11-30,1,34.99,Completed,Australia
3396,326,4,2024-11-05,1,329.99,Completed,Canada
3397,326,8,2024-11-05,2,199.99,Completed,Canada
3398,326,8,2024-11-05,2,199.99,Completed,Canada
3399,798,11,2024-11-09,1,34.99,Completed,Canada
3400,798,6,2024-11-09,1,29.99,Completed,Canada
3401,463,4,2024-11-16,2,329.99,Completed,Singapore
3402,203,1,2024-11-05,2,89.99,Completed,Canada
3403,619,7,2024-11-25,1,999.99,Completed,USA
3404,619,4,2024-11-25,1,329.99,Completed,USA
3405,619,8,2024-11-25,2,199.99,Completed,USA
3406,132,4,2024-11-01,2,329.99,Completed,Japan
3407,418,4,2024-11-06,1,329.99,Completed,Canada
3408,755,6,2024-11-20,1,29.99,Completed,Mexico
3409,755,5,2024-11-20,2,79.99,Completed,Mexico
3410,755,5,2024-11-20,1,79.99,Completed,Mexico
3411,13,3,2024-11-10,1,59.99,Completed,United Kingdom
3412,827,1,2024-11-09,1,89.99,Completed,Brazil
3413,827,8,2024-11-09,1,199.99,Completed,Brazil
3414,130,1,2024-11-13,1,89.99,Completed,Germany
3415,51,5,2024-11-21,2,79.99,Completed,USA
3416,51,7,2024-11-21,1,999.99,Completed,USA
3417,51,4,2024-11-21,1,329.99,Completed,USA
3418,292,7,2024-11-24,1,999.99,Completed,USA
3419,292,7,2024-11-24,2,999.99,Completed,USA
3420,660,4,2024-11-11,1,329.99,Completed,USA
3421,660,1,2024-11-11,1,89.99,Completed,USA
3422,188,3,2024-11-08,2,59.99,Completed,France
3423,439,7,2024-11-20,1,999.99,Completed,France
3424,439,1,2024-11-20,1,89.99,Completed,France
3425,412,1,2024-11-18,2,89.99,Completed,United Kingdom
3426,3,1,2024-11-15,2,89.99,Completed,France
3427,3,2,2024-11-15,1,149.99,Returned,France
3428,254,3,2024-11-26,1,59.99,Completed,USA
3429,254,12,2024-11-26,1,14.99,Completed,USA
3430,634,1,2024-11-11,2,89.99,Completed,Singapore
3431,634,2,2024-11-11,1,149.99,Completed,Singapore
3432,359,1,2024-11-02,1,89.99,Completed,Japan
3433,342,7,2024-11-27,1,999.99,Completed,Japan
3434,342,4,2024-11-27,2,329.99,Completed,Japan
3435,342,7,2024-11-27,1,999.99,Completed,Japan
3436,1,4,2024-11-25,2,329.99,Completed,USA
3437,132,12,2024-11-25,1,14.99,Completed,Japan
3438,330,1,2024-11-03,2,89.99,Completed,USA
3439,330,12,2024-11-03,1,14.99,Completed,USA
3440,330,8,2024-11-03,1,199.99,Completed,USA
3441,608,4,2024-11-12,1,329.99,Returned,Brazil
3442,834,4,2024-11-03,1,329.99,Completed,Germany
3443,558,8,2024-11-24,1,199.99,Completed,United Kingdom
3444,267,4,2024-11-09,1,329.99,Completed,Canada
3445,267,7,2024-11-09,2,999.99,Returned,Canada
3446,267,5,2024-11-09,2,79.99,Returned,Canada
3447,292,8,2024-11-01,1,199.99,Completed,USA
3448,292,3,2024-11-01,1,59.99,Completed,USA
3449,808,1,2024-11-23,1,89.99,Completed,Australia
3450,808,4,2024-11-23,1,329.99,Completed,Australia
3451,41,6,2024-11-08,1,29.99,Completed,USA
3452,41,1,2024-11-08,2,89.99,Returned,USA
3453,41,4,2024-11-08,1,329.99,Completed,USA
3454,392,7,2024-11-10,1,999.99,Completed,USA
3455,392,4,2024-11-10,2,329.99,Completed,USA
3456,392,1,2024-11-10,1,89.99,Completed,USA
3457,480,1,2024-11-10,1,89.99,Completed,USA
3458,500,6,2024-11-02,1,29.99,Completed,USA
3459,500,7,2024-11-02,1,999.99,Completed,USA
3460,500,6,2024-11-02,1,29.99,Completed,USA
3461,205,9,2024-11-22,2,49.99,Completed,Canada
3462,205,4,2024-11-22,1,329.99,Completed,Canada
3463,575,9,2024-11-02,1,49.99,Completed,USA
3464,123,4,2024-11-04,1,329.99,Completed,France
3465,818,2,2024-11-22,1,149.99,Completed,Germany
3466,818,11,2024-11-22,1,34.99,Completed,Germany
3467,280,5,2024-11-12,1,79.99,Completed,Mexico
3468,280,7,2024-11-12,1,999.99,Completed,Mexico
3469,202,1,2024-11-03,2,89.99,Completed,United Kingdom
3470,587,3,2024-11-11,2,59.99,Completed,Canada
3471,587,4,2024-11-11,2,329.99,Completed,Canada
3472,587,4,2024-11-11,1,329.99,Completed,Canada
3473,142,4,2024-11-24,1,329.99,Completed,USA
3474,460,4,2024-11-01,2,329.99,Returned,Brazil
3475,833,1,2024-11-02,2,89.99,Completed,Germany
3476,850,2,2024-11-01,1,149.99,Completed,Germany
3477,9,1,2024-11-20,1,89.99,Completed,USA
3478,607,9,2024-11-04,1,49.99,Completed,Brazil
3479,607,2,2024-11-04,1,149.99,Completed,Brazil
3480,786,5,2024-11-15,1,79.99,Completed,Australia
3481,786,1,2024-11-15,1,89.99,Completed,Australia
3482,786,1,2024-11-15,2,89.99,Completed,Australia
3483,475,12,2024-11-12,1,14.99,Completed,Australia
3484,475,3,2024-11-12,1,59.99,Completed,Australia
3485,293,7,2024-11-24,1,999.99,Completed,Brazil
3486,231,6,2024-11-17,1,29.99,Completed,Germany
3487,610,8,2024-11-13,1,199.99,Completed,Brazil
3488,339,7,2024-11-13,1,999.99,Completed,Canada
3489,339,4,2024-11-13,2,329.99,Completed,Canada
3490,832,4,2024-11-14,1,329.99,Completed,France
3491,434,4,2024-11-01,1,329.99,Completed,USA
3492,416,4,2024-11-01,1,329.99,Completed,France
3493,374,12,2024-11-01,1,14.99,Completed,Brazil
3494,236,4,2024-11-22,1,329.99,Completed,United Kingdom
3495,236,1,2024-11-22,2,89.99,Completed,United Kingdom
3496,383,4,2024-11-05,1,329.99,Completed,USA
3497,335,3,2024-11-10,2,59.99,Completed,Japan
3498,750,1,2024-11-24,1,89.99,Completed,USA
3499,479,8,2024-11-19,1,199.99,Completed,Singapore
3500,777,6,2024-11-21,2,29.99,Completed,USA
3501,777,8,2024-11-21,1,199.99,Completed,USA
3502,777,4,2024-11-21,1,329.99,Completed,USA
3503,398,3,2024-11-29,1,59.99,Completed,USA
3504,507,5,2024-11-09,1,79.99,Completed,USA
3505,507,8,2024-11-09,1,199.99,Completed,USA
3506,507,10,2024-11-09,1,249.99,Completed,USA
3507,7,2,2024-11-26,1,149.99,Completed,Australia
3508,7,3,2024-11-26,1,59.99,Completed,Australia
3509,7,7,2024-11-26,2,999.99,Completed,Australia
3510,415,2,2024-11-10,1,149.99,Completed,France
3511,782,7,2024-11-06,1,999.99,Completed,USA
3512,782,7,2024-11-06,1,999.99,Completed,USA
3513,145,8,2024-11-02,1,199.99,Completed,Germany
3514,258,4,2024-11-23,1,329.99,Completed,United Kingdom
3515,258,9,2024-11-23,1,49.99,Completed,United Kingdom
3516,218,1,2024-11-10,1,89.99,Completed,USA
3517,10,9,2024-11-26,1,49.99,Completed,Singapore
3518,10,3,2024-11-26,1,59.99,Completed,Singapore
3519,399,4,2024-11-02,1,329.99,Completed,Germany
3520,399,12,2024-11-02,1,14.99,Returned,Germany
3521,734,4,2024-11-27,1,329.99,Completed,Japan
3522,443,11,2024-11-21,2,34.99,Completed,France
3523,443,5,2024-11-21,1,79.99,Completed,France
3524,425,12,2024-11-29,2,14.99,Completed,Australia
3525,425,4,2024-11-29,2,329.99,Returned,Australia
3526,425,9,2024-11-29,1,49.99,Completed,Australia
3527,371,9,2024-11-02,1,49.99,Completed,Singapore
3528,174,8,2024-11-20,1,199.99,Completed,Germany
3529,174,9,2024-11-20,1,49.99,Completed,Germany
3530,508,7,2024-11-09,2,999.99,Completed,USA
3531,777,4,2024-11-12,2,329.99,Completed,USA
3532,583,11,2024-11-30,1,34.99,Returned,United Kingdom
3533,41,9,2024-11-08,1,49.99,Completed,USA
3534,41,12,2024-11-08,1,14.99,Completed,USA
3535,290,4,2024-11-19,2,329.99,Completed,France
3536,536,7,2024-11-30,2,999.99,Completed,France
3537,726,9,2024-11-09,1,49.99,Completed,United Kingdom
3538,726,8,2024-11-09,2,199.99,Completed,United Kingdom
3539,726,8,2024-11-09,1,199.99,Completed,United Kingdom
3540,15,8,2024-11-28,1,199.99,Completed,Singapore
3541,427,2,2024-11-25,1,149.99,Completed,USA
3542,427,12,2024-11-25,1,14.99,Completed,USA
3543,104,8,2024-11-05,1,199.99,Completed,Japan
3544,107,4,2024-11-11,1,329.99,Returned,Brazil
3545,107,8,2024-11-11,2,199.99,Completed,Brazil
3546,107,11,2024-11-11,1,34.99,Completed,Brazil
3547,544,4,2024-11-23,1,329.99,Completed,Canada
3548,544,8,2024-11-23,2,199.99,Completed,Canada
3549,526,7,2024-11-25,1,999.99,Completed,United Kingdom
3550,526,5,2024-11-25,1,79.99,Completed,United Kingdom
3551,298,1,2024-11-03,1,89.99,Completed,United Kingdom
3552,205,7,2024-11-23,2,999.99,Completed,Canada
3553,205,8,2024-11-23,1,199.99,Completed,Canada
3554,205,8,2024-11-23,1,199.99,Completed,Canada
3555,704,7,2024-11-15,2,999.99,Completed,United Kingdom
3556,704,4,2024-11-15,2,329.99,Completed,United Kingdom
3557,704,10,2024-11-15,1,249.99,Completed,United Kingdom
3558,86,1,2024-11-13,2,89.99,Completed,Brazil
3559,327,5,2024-11-24,1,79.99,Completed,France
3560,682,4,2024-11-30,1,329.99,Completed,Japan
3561,368,1,2024-11-29,1,89.99,Completed,USA
3562,442,1,2024-11-09,2,89.99,Completed,Japan
3563,425,2,2024-11-26,1,149.99,Completed,Australia
3564,425,4,2024-11-13,1,329.99,Completed,Australia
3565,263,1,2024-11-28,2,89.99,Completed,Canada
3566,6,2,2024-11-05,2,149.99,Completed,USA
3567,6,12,2024-11-05,1,14.99,Completed,USA
3568,239,5,2024-11-27,1,79.99,Completed,Mexico
3569,464,2,2024-11-01,1,149.99,Completed,USA
3570,464,4,2024-11-01,2,329.99,Completed,USA
3571,749,6,2024-11-02,1,29.99,Completed,France
3572,749,7,2024-11-02,1,999.99,Returned,France
3573,749,8,2024-11-02,1,199.99,Completed,France
3574,497,11,2024-11-28,1,34.99,Completed,USA
3575,497,4,2024-11-28,1,329.99,Completed,USA
3576,497,1,2024-11-28,1,89.99,Completed,USA
3577,277,4,2024-11-17,1,329.99,Completed,USA
3578,363,5,2024-11-25,1,79.99,Completed,Australia
3579,363,5,2024-11-25,1,79.99,Completed,Australia
3580,363,7,2024-11-25,1,999.99,Completed,Australia
3581,644,2,2024-11-25,2,149.99,Returned,Australia
3582,735,2,2024-11-20,1,149.99,Completed,Canada
3583,93,12,2024-11-12,1,14.99,Completed,USA
3584,93,3,2024-11-12,1,59.99,Completed,USA
3585,93,10,2024-11-12,1,249.99,Completed,USA
3586,99,5,2024-11-19,1,79.99,Completed,USA
3587,99,5,2024-11-19,1,79.99,Completed,USA
3588,99,1,2024-11-19,1,89.99,Completed,USA
3589,436,7,2024-11-24,1,999.99,Completed,USA
3590,133,9,2024-11-27,2,49.99,Completed,USA
3591,826,4,2024-11-09,1,329.99,Completed,USA
3592,226,1,2024-11-06,1,89.99,Completed,USA
3593,226,7,2024-11-06,1,999.99,Completed,USA
3594,529,12,2024-11-07,1,14.99,Completed,Singapore
3595,187,7,2024-11-27,1,999.99,Completed,Japan
3596,832,5,2024-11-17,1,79.99,Completed,France
3597,832,2,2024-11-17,2,149.99,Completed,France
3598,842,4,2024-11-11,1,329.99,Completed,USA
3599,157,8,2024-11-08,1,199.99,Completed,Australia
3600,122,1,2024-11-15,1,89.99,Completed,Canada
3601,122,8,2024-11-15,1,199.99,Completed,Canada
3602,122,4,2024-11-15,1,329.99,Completed,Canada
3603,643,7,2024-11-21,1,999.99,Completed,USA
3604,458,3,2024-11-19,2,59.99,Completed,USA
3605,322,6,2024-11-11,1,29.99,Completed,France
3606,767,1,2024-11-07,1,89.99,Completed,United Kingdom
3607,617,8,2024-11-02,2,199.99,Completed,Germany
3608,617,3,2024-11-02,2,59.99,Completed,Germany
3609,160,1,2024-11-01,1,89.99,Completed,USA
3610,160,2,2024-11-01,1,149.99,Completed,USA
3611,91,1,2024-11-18,2,89.99,Completed,Brazil
3612,91,9,2024-11-18,1,49.99,Completed,Brazil
3613,91,2,2024-11-18,1,149.99,Completed,Brazil
3614,501,8,2024-11-01,1,199.99,Completed,Canada
3615,501,1,2024-11-01,1,89.99,Completed,Canada
3616,799,2,2024-11-05,1,149.99,Completed,USA
3617,724,7,2024-11-17,2,999.99,Completed,United Kingdom
3618,724,3,2024-11-17,1,59.99,Completed,United Kingdom
3619,503,7,2024-11-11,1,999.99,Completed,Canada
3620,196,5,2024-11-11,2,79.99,Completed,United Kingdom
3621,758,11,2024-11-04,1,34.99,Completed,Canada
3622,758,4,2024-11-04,1,329.99,Completed,Canada
3623,758,8,2024-11-04,2,199.99,Completed,Canada
3624,34,1,2024-11-12,2,89.99,Completed,Australia
3625,757,8,2024-11-08,1,199.99,Completed,Canada
3626,319,2,2024-11-12,1,149.99,Completed,USA
3627,319,5,2024-11-12,1,79.99,Completed,USA
3628,319,8,2024-11-12,1,199.99,Completed,USA
3629,51,12,2024-11-07,1,14.99,Completed,USA
3630,769,7,2024-11-13,1,999.99,Completed,USA
3631,769,10,2024-11-13,2,249.99,Completed,USA
3632,769,2,2024-11-13,1,149.99,Completed,USA
3633,366,3,2024-11-14,2,59.99,Completed,Brazil
3634,301,9,2024-11-01,2,49.99,Completed,Brazil
3635,301,4,2024-11-01,1,329.99,Completed,Brazil
3636,68,2,2024-11-14,1,149.99,Completed,Canada
3637,777,2,2024-11-16,1,149.99,Completed,USA
3638,511,11,2024-11-12,1,34.99,Completed,Mexico
3639,240,12,2024-11-04,1,14.99,Completed,United Kingdom
3640,140,6,2024-11-19,1,29.99,Completed,Brazil
3641,140,12,2024-11-19,1,14.99,Completed,Brazil
3642,308,12,2024-11-03,1,14.99,Completed,Canada
3643,356,3,2024-12-21,2,59.99,Returned,Australia
3644,356,8,2024-12-21,1,199.99,Completed,Australia
3645,356,4,2024-12-21,2,329.99,Completed,Australia
3646,587,8,2024-12-12,2,199.99,Completed,Canada
3647,587,1,2024-12-12,1,89.99,Completed,Canada
3648,587,7,2024-12-12,1,999.99,Completed,Canada
3649,566,12,2024-12-03,1,14.99,Completed,Canada
3650,782,5,2024-12-10,1,79.99,Completed,USA
3651,782,6,2024-12-10,2,29.99,Completed,USA
3652,782,8,2024-12-10,1,199.99,Completed,USA
3653,129,7,2024-12-18,1,999.99,Completed,USA
3654,790,2,2024-12-30,1,149.99,Completed,USA
3655,768,7,2024-12-01,2,999.99,Completed,Japan
3656,192,2,2024-12-04,2,149.99,Completed,United Kingdom
3657,127,4,2024-12-20,1,329.99,Returned,Japan
3658,127,12,2024-12-20,2,14.99,Completed,Japan
3659,285,2,2024-12-06,1,149.99,Completed,Germany
3660,285,8,2024-12-06,1,199.99,Completed,Germany
3661,603,11,2024-12-18,1,34.99,Completed,Japan
3662,568,4,2024-12-08,1,329.99,Completed,France
3663,568,10,2024-12-08,1,249.99,Completed,France
3664,651,4,2024-12-10,1,329.99,Completed,Australia
3665,632,9,2024-12-06,1,49.99,Completed,Singapore
3666,312,8,2024-12-28,1,199.99,Completed,Mexico
3667,113,5,2024-12-18,1,79.99,Completed,USA
3668,69,8,2024-12-19,2,199.99,Completed,Brazil
3669,649,8,2024-12-11,1,199.99,Completed,Mexico
3670,450,9,2024-12-13,1,49.99,Completed,Brazil
3671,450,1,2024-12-13,1,89.99,Returned,Brazil
3672,184,1,2024-12-24,1,89.99,Completed,USA
3673,184,9,2024-12-24,1,49.99,Completed,USA
3674,700,5,2024-12-09,1,79.99,Completed,USA
3675,700,6,2024-12-09,1,29.99,Completed,USA
3676,240,4,2024-12-03,2,329.99,Completed,United Kingdom
3677,713,5,2024-12-03,1,79.99,Completed,USA
3678,96,9,2024-12-04,2,49.99,Completed,USA
3679,844,7,2024-12-11,1,999.99,Completed,Germany
3680,452,1,2024-12-16,1,89.99,Completed,USA
3681,452,6,2024-12-16,1,29.99,Completed,USA
3682,62,5,2024-12-04,1,79.99,Completed,USA
3683,62,2,2024-12-04,1,149.99,Completed,USA
3684,62,12,2024-12-04,1,14.99,Completed,USA
3685,493,7,2024-12-18,1,999.99,Completed,Canada
3686,562,7,2024-12-15,2,999.99,Completed,Australia
3687,309,5,2024-12-05,1,79.99,Completed,USA
3688,562,8,2024-12-21,1,199.99,Completed,Australia
3689,562,12,2024-12-21,1,14.99,Completed,Australia
3690,414,2,2024-12-02,1,149.99,Completed,USA
3691,443,7,2024-12-28,1,999.99,Completed,France
3692,20,10,2024-12-22,1,249.99,Completed,USA
3693,98,2,2024-12-04,2,149.99,Completed,United Kingdom
3694,38,3,2024-12-04,1,59.99,Returned,USA
3695,412,8,2024-12-14,1,199.99,Completed,United Kingdom
3696,412,8,2024-12-14,1,199.99,Completed,United Kingdom
3697,681,4,2024-12-06,1,329.99,Completed,Australia
3698,680,1,2024-12-24,1,89.99,Completed,Brazil
3699,213,2,2024-12-09,1,149.99,Completed,Brazil
3700,658,5,2024-12-06,1,79.99,Completed,USA
3701,751,10,2024-12-20,2,249.99,Completed,Canada
3702,342,8,2024-12-05,2,199.99,Completed,Japan
3703,439,3,2024-12-26,2,59.99,Completed,France
3704,764,12,2024-12-02,1,14.99,Completed,USA
3705,764,5,2024-12-02,2,79.99,Completed,USA
3706,764,10,2024-12-02,1,249.99,Completed,USA
3707,587,2,2024-12-18,2,149.99,Completed,Canada
3708,587,10,2024-12-18,1,249.99,Completed,Canada
3709,393,9,2024-12-31,1,49.99,Completed,Germany
3710,783,2,2024-12-29,1,149.99,Completed,Japan
3711,635,4,2024-12-30,1,329.99,Completed,Japan
3712,379,8,2024-12-08,1,199.99,Completed,Canada
3713,278,8,2024-12-30,1,199.99,Completed,Canada
3714,278,6,2024-12-30,2,29.99,Completed,Canada
3715,650,4,2024-12-29,1,329.99,Completed,Japan
3716,650,8,2024-12-29,2,199.99,Completed,Japan
3717,650,4,2024-12-29,1,329.99,Completed,Japan
3718,469,12,2024-12-28,1,14.99,Completed,France
3719,469,7,2024-12-28,2,999.99,Completed,France
3720,440,4,2024-12-08,1,329.99,Completed,Singapore
3721,440,6,2024-12-08,1,29.99,Completed,Singapore
3722,605,7,2024-12-21,1,999.99,Completed,Brazil
3723,230,1,2024-12-22,1,89.99,Completed,Brazil
3724,230,1,2024-12-22,1,89.99,Returned,Brazil
3725,826,4,2024-12-07,2,329.99,Completed,USA
3726,794,3,2024-12-27,2,59.99,Completed,France
3727,794,12,2024-12-27,1,14.99,Completed,France
3728,144,2,2024-12-13,1,149.99,Completed,Mexico
3729,144,12,2024-12-13,2,14.99,Completed,Mexico
3730,144,7,2024-12-13,1,999.99,Completed,Mexico
3731,453,7,2024-12-13,1,999.99,Completed,Germany
3732,649,8,2024-12-06,1,199.99,Completed,Mexico
3733,211,1,2024-12-30,1,89.99,Completed,Mexico
3734,211,7,2024-12-30,1,999.99,Returned,Mexico
3735,211,4,2024-12-30,1,329.99,Completed,Mexico
3736,681,2,2024-12-03,2,149.99,Completed,Australia
3737,681,4,2024-12-03,1,329.99,Completed,Australia
3738,91,12,2024-12-20,1,14.99,Completed,Brazil
3739,564,3,2024-12-08,1,59.99,Completed,Japan
3740,399,9,2024-12-04,1,49.99,Completed,Germany
3741,795,7,2024-12-23,1,999.99,Completed,Canada
3742,84,8,2024-12-07,1,199.99,Completed,USA
3743,494,3,2024-12-22,1,59.99,Completed,France
3744,494,9,2024-12-22,1,49.99,Completed,France
3745,494,1,2024-12-22,1,89.99,Completed,France
3746,506,1,2024-12-20,1,89.99,Completed,United Kingdom
3747,94,12,2024-12-04,1,14.99,Completed,United Kingdom
3748,320,11,2024-12-21,1,34.99,Completed,France
3749,320,6,2024-12-21,2,29.99,Completed,France
3750,122,8,2024-12-13,1,199.99,Completed,Canada
3751,122,8,2024-12-13,1,199.99,Completed,Canada
3752,514,4,2024-12-29,1,329.99,Completed,Australia
3753,514,12,2024-12-29,1,14.99,Completed,Australia
3754,77,5,2024-12-14,1,79.99,Completed,Germany
3755,606,8,2024-12-04,1,199.99,Completed,Australia
3756,719,5,2024-12-29,1,79.99,Completed,USA
3757,802,8,2024-12-23,1,199.99,Completed,United Kingdom
3758,311,10,2024-12-29,1,249.99,Completed,USA
3759,534,3,2024-12-18,1,59.99,Completed,USA
3760,534,6,2024-12-18,1,29.99,Completed,USA
3761,497,2,2024-12-30,2,149.99,Completed,USA
3762,497,5,2024-12-30,2,79.99,Completed,USA
3763,497,10,2024-12-30,1,249.99,Completed,USA
3764,245,1,2024-12-18,2,89.99,Completed,Canada
3765,245,12,2024-12-18,2,14.99,Completed,Canada
3766,592,7,2024-12-10,1,999.99,Completed,Canada
3767,50,11,2024-12-03,1,34.99,Completed,France
3768,50,7,2024-12-03,1,999.99,Completed,France
3769,260,2,2024-12-27,1,149.99,Completed,USA
3770,672,8,2024-12-16,1,199.99,Completed,United Kingdom
3771,672,8,2024-12-16,1,199.99,Completed,United Kingdom
3772,368,3,2024-12-14,1,59.99,Completed,USA
3773,32,12,2024-12-12,1,14.99,Completed,United Kingdom
3774,357,2,2024-12-31,1,149.99,Completed,Germany
3775,357,4,2024-12-31,1,329.99,Completed,Germany
3776,189,1,2024-12-15,1,89.99,Completed,Germany
3777,137,4,2024-12-25,1,329.99,Completed,Germany
3778,137,1,2024-12-25,1,89.99,Completed,Germany
3779,85,11,2024-12-10,1,34.99,Returned,USA
3780,85,9,2024-12-10,2,49.99,Completed,USA
3781,85,9,2024-12-10,2,49.99,Completed,USA
3782,6,4,2024-12-01,1,329.99,Completed,USA
3783,6,12,2024-12-01,1,14.99,Completed,USA
3784,550,4,2024-12-05,1,329.99,Completed,United Kingdom
3785,360,2,2024-12-28,1,149.99,Completed,Japan
3786,360,2,2024-12-28,1,149.99,Completed,Japan
3787,549,10,2024-12-09,1,249.99,Completed,USA
3788,610,3,2024-12-10,1,59.99,Completed,Brazil
3789,464,4,2024-12-20,1,329.99,Completed,USA
3790,464,4,2024-12-20,1,329.99,Completed,USA
3791,322,9,2024-12-07,2,49.99,Completed,France
3792,169,2,2024-12-25,1,149.99,Completed,Australia
3793,169,1,2024-12-25,1,89.99,Completed,Australia
3794,169,1,2024-12-25,2,89.99,Returned,Australia
3795,554,11,2024-12-01,1,34.99,Completed,USA
3796,554,4,2024-12-01,1,329.99,Completed,USA
3797,778,8,2024-12-05,1,199.99,Completed,Canada
3798,778,5,2024-12-05,2,79.99,Completed,Canada
3799,778,11,2024-12-05,1,34.99,Completed,Canada
3800,657,3,2024-12-17,2,59.99,Completed,Germany
3801,657,4,2024-12-17,1,329.99,Completed,Germany
3802,657,3,2024-12-17,1,59.99,Completed,Germany
3803,100,8,2024-12-08,2,199.99,Completed,United Kingdom
3804,100,11,2024-12-08,1,34.99,Completed,United Kingdom
3805,100,4,2024-12-08,1,329.99,Completed,United Kingdom
3806,340,4,2024-12-18,2,329.99,Completed,USA
3807,607,8,2024-12-19,1,199.99,Returned,Brazil
3808,430,7,2024-12-20,1,999.99,Completed,USA
3809,430,2,2024-12-20,2,149.99,Returned,USA
3810,430,1,2024-12-20,1,89.99,Completed,USA
3811,431,5,2024-12-15,1,79.99,Completed,Canada
3812,45,2,2024-12-03,2,149.99,Completed,USA
3813,229,4,2024-12-14,1,329.99,Completed,Japan
3814,229,3,2024-12-14,1,59.99,Completed,Japan
3815,200,4,2024-12-16,2,329.99,Completed,USA
3816,200,5,2024-12-16,1,79.99,Completed,USA
3817,200,1,2024-12-16,1,89.99,Completed,USA
3818,145,2,2024-12-29,1,149.99,Completed,Germany
3819,281,1,2024-12-03,1,89.99,Completed,Brazil
3820,408,6,2024-12-20,1,29.99,Completed,Japan
3821,599,2,2024-12-30,2,149.99,Completed,USA
3822,388,8,2024-12-01,2,199.99,Completed,Australia
3823,673,7,2024-12-05,1,999.99,Completed,USA
3824,673,10,2024-12-05,1,249.99,Completed,USA
3825,143,1,2024-12-17,1,89.99,Completed,Germany
3826,144,2,2024-12-20,1,149.99,Completed,Mexico
3827,102,2,2024-12-16,1,149.99,Completed,Brazil
3828,28,5,2024-12-10,1,79.99,Completed,United Kingdom
3829,247,4,2024-12-19,1,329.99,Completed,Germany
3830,6,1,2024-12-13,1,89.99,Completed,USA
3831,221,2,2024-12-04,1,149.99,Completed,Australia
3832,221,9,2024-12-04,1,49.99,Returned,Australia
3833,221,2,2024-12-04,2,149.99,Completed,Australia
3834,600,3,2024-12-02,1,59.99,Completed,Germany
3835,634,5,2024-12-08,1,79.99,Returned,Singapore
3836,662,6,2024-12-01,1,29.99,Completed,United Kingdom
3837,386,4,2024-12-05,1,329.99,Completed,Canada
3838,66,12,2024-12-17,1,14.99,Returned,USA
3839,66,5,2024-12-17,1,79.99,Completed,USA
3840,293,9,2024-12-26,1,49.99,Completed,Brazil
3841,293,3,2024-12-26,2,59.99,Completed,Brazil
3842,293,5,2024-12-26,1,79.99,Completed,Brazil
3843,386,3,2024-12-10,1,59.99,Completed,Canada
3844,802,4,2024-12-24,1,329.99,Completed,United Kingdom
3845,630,7,2024-12-23,2,999.99,Completed,United Kingdom
3846,630,4,2024-12-23,2,329.99,Completed,United Kingdom
3847,353,4,2024-12-06,2,329.99,Completed,USA
3848,353,6,2024-12-06,1,29.99,Completed,USA
3849,353,4,2024-12-06,1,329.99,Completed,USA
3850,401,7,2024-12-16,2,999.99,Returned,USA
3851,645,4,2024-12-27,1,329.99,Completed,Canada
3852,155,6,2024-12-07,1,29.99,Completed,Singapore
3853,155,2,2024-12-07,1,149.99,Completed,Singapore
3854,377,5,2024-12-14,1,79.99,Completed,USA
3855,156,1,2024-12-20,1,89.99,Completed,Germany
3856,251,6,2024-12-15,1,29.99,Completed,France
3857,251,8,2024-12-15,1,199.99,Completed,France
3858,266,7,2024-12-14,2,999.99,Completed,Brazil
3859,214,8,2024-12-05,1,199.99,Completed,Germany
3860,214,9,2024-12-05,2,49.99,Completed,Germany
3861,214,11,2024-12-05,1,34.99,Completed,Germany
3862,143,9,2024-12-02,1,49.99,Completed,Germany
3863,824,4,2024-12-12,1,329.99,Completed,Canada
3864,456,10,2024-12-28,1,249.99,Completed,USA
3865,456,2,2024-12-28,1,149.99,Completed,USA
3866,324,12,2024-12-31,1,14.99,Completed,Mexico
3867,689,8,2024-12-13,2,199.99,Completed,Australia
3868,452,4,2024-12-17,1,329.99,Completed,USA
3869,822,4,2024-12-19,1,329.99,Returned,Singapore
3870,417,1,2024-12-21,2,89.99,Completed,Germany
3871,582,6,2024-12-14,1,29.99,Completed,Canada
3872,689,8,2024-12-02,2,199.99,Completed,Australia
3873,689,12,2024-12-02,1,14.99,Completed,Australia
3874,599,8,2024-12-25,1,199.99,Completed,USA
3875,75,5,2024-12-05,1,79.99,Completed,Mexico
3876,75,9,2024-12-05,1,49.99,Completed,Mexico
3877,707,8,2024-12-30,1,199.99,Completed,USA
3878,707,4,2024-12-30,2,329.99,Completed,USA
3879,707,5,2024-12-30,1,79.99,Completed,USA
3880,533,5,2024-12-10,1,79.99,Completed,Singapore
3881,533,7,2024-12-10,1,999.99,Completed,Singapore
3882,464,9,2024-12-18,1,49.99,Completed,USA
3883,464,2,2024-12-18,1,149.99,Completed,USA
3884,277,11,2024-12-11,2,34.99,Completed,USA
3885,748,2,2024-12-15,1,149.99,Completed,Canada
3886,803,2,2024-12-26,1,149.99,Completed,USA
3887,142,1,2024-12-29,1,89.99,Completed,USA
3888,142,8,2024-12-29,1,199.99,Completed,USA
3889,557,8,2024-12-07,2,199.99,Completed,USA
3890,692,12,2024-12-19,1,14.99,Completed,United Kingdom
3891,708,8,2024-12-18,1,199.99,Completed,Singapore
3892,708,10,2024-12-18,1,249.99,Completed,Singapore
3893,446,1,2024-12-29,1,89.99,Completed,Germany
3894,446,4,2024-12-29,1,329.99,Completed,Germany
3895,379,7,2024-12-25,1,999.99,Completed,Canada
3896,379,1,2024-12-25,1,89.99,Completed,Canada
3897,379,1,2024-12-25,1,89.99,Completed,Canada
3898,708,7,2024-12-29,1,999.99,Completed,Singapore
3899,708,7,2024-12-29,1,999.99,Returned,Singapore
3900,63,4,2024-12-09,2,329.99,Completed,Singapore
3901,349,2,2024-12-03,1,149.99,Completed,Germany
3902,349,7,2024-12-03,2,999.99,Completed,Germany
3903,328,2,2024-12-12,1,149.99,Completed,Japan
3904,413,3,2024-12-17,1,59.99,Completed,USA
3905,413,9,2024-12-17,1,49.99,Completed,USA
3906,623,5,2024-12-02,1,79.99,Completed,USA
3907,621,8,2024-12-17,2,199.99,Completed,USA
3908,621,4,2024-12-17,1,329.99,Completed,USA
3909,621,12,2024-12-17,2,14.99,Completed,USA
3910,530,6,2024-12-14,2,29.99,Completed,USA
3911,365,2,2024-12-19,1,149.99,Completed,Japan
3912,365,1,2024-12-19,1,89.99,Completed,Japan
3913,365,10,2024-12-19,1,249.99,Completed,Japan
3914,550,3,2024-12-07,1,59.99,Completed,United Kingdom
3915,451,4,2024-12-23,1,329.99,Completed,Japan
3916,254,2,2024-12-19,1,149.99,Completed,USA
3917,254,7,2024-12-19,1,999.99,Completed,USA
3918,254,9,2024-12-19,2,49.99,Completed,USA
3919,45,9,2024-12-03,2,49.99,Completed,USA
3920,45,5,2024-12-03,1,79.99,Returned,USA
3921,45,11,2024-12-03,1,34.99,Returned,USA
3922,808,8,2024-12-17,2,199.99,Completed,Australia
3923,574,3,2024-12-26,1,59.99,Completed,United Kingdom
3924,831,4,2024-12-24,1,329.99,Completed,France
3925,831,4,2024-12-24,1,329.99,Returned,France
3926,558,8,2024-12-15,2,199.99,Returned,United Kingdom
3927,558,5,2024-12-15,1,79.99,Completed,United Kingdom
3928,171,5,2024-12-31,2,79.99,Completed,Australia
3929,774,8,2024-12-04,1,199.99,Completed,Germany
3930,132,8,2024-12-23,2,199.99,Completed,Japan
3931,132,4,2024-12-23,1,329.99,Completed,Japan
3932,132,7,2024-12-23,1,999.99,Completed,Japan
3933,695,8,2024-12-31,2,199.99,Completed,USA
3934,709,5,2024-12-22,2,79.99,Completed,USA
3935,695,5,2024-12-19,2,79.99,Completed,USA
3936,625,4,2024-12-14,2,329.99,Returned,Canada
3937,625,4,2024-12-24,1,329.99,Returned,Canada
3938,625,8,2024-12-24,1,199.99,Completed,Canada
3939,625,2,2024-12-24,2,149.99,Completed,Canada
3940,800,2,2024-12-15,1,149.99,Completed,Germany
3941,800,3,2024-12-15,1,59.99,Completed,Germany
3942,800,3,2024-12-15,1,59.99,Completed,Germany
3943,343,1,2024-12-16,1,89.99,Completed,Canada
3944,343,8,2024-12-16,1,199.99,Completed,Canada
3945,343,8,2024-12-16,1,199.99,Completed,Canada
3946,32,4,2024-12-17,1,329.99,Completed,United Kingdom
3947,480,4,2024-12-30,1,329.99,Completed,USA
3948,212,1,2024-12-12,1,89.99,Completed,France
3949,585,1,2024-12-13,1,89.99,Completed,USA
3950,728,4,2024-12-17,1,329.99,Completed,Canada
3951,728,3,2024-12-17,1,59.99,Returned,Canada
3952,728,2,2024-12-17,2,149.99,Completed,Canada
3953,837,4,2024-12-22,1,329.99,Completed,Singapore
3954,552,11,2024-12-11,1,34.99,Completed,Mexico
3955,132,4,2024-12-10,1,329.99,Returned,Japan
3956,312,4,2024-12-22,1,329.99,Completed,Mexico
3957,312,2,2024-12-22,1,149.99,Completed,Mexico
3958,668,8,2024-12-07,1,199.99,Completed,Germany
3959,668,4,2024-12-07,1,329.99,Completed,Germany
3960,668,10,2024-12-07,1,249.99,Completed,Germany
3961,60,7,2024-12-02,1,999.99,Completed,USA
3962,60,1,2024-12-02,1,89.99,Completed,USA
3963,60,1,2024-12-02,1,89.99,Completed,USA
3964,67,12,2024-12-11,1,14.99,Completed,Brazil
3965,52,11,2024-12-20,1,34.99,Completed,USA
3966,52,4,2024-12-20,1,329.99,Completed,USA
3967,428,11,2024-12-13,1,34.99,Completed,Canada
3968,831,2,2024-12-03,2,149.99,Completed,France
3969,358,4,2024-12-28,2,329.99,Completed,Canada
3970,358,12,2024-12-28,2,14.99,Completed,Canada
3971,358,10,2024-12-28,1,249.99,Completed,Canada
3972,849,12,2024-12-28,1,14.99,Completed,USA
3973,849,8,2024-12-28,1,199.99,Completed,USA
3974,444,5,2024-12-16,1,79.99,Completed,USA
3975,444,7,2024-12-16,1,999.99,Completed,USA
3976,444,4,2024-12-16,1,329.99,Completed,USA
3977,365,8,2024-12-21,2,199.99,Completed,Japan
3978,438,5,2024-12-16,2,79.99,Completed,Japan
3979,438,11,2024-12-16,1,34.99,Completed,Japan
3980,242,11,2024-12-14,1,34.99,Returned,USA
3981,747,9,2024-12-21,1,49.99,Completed,USA
3982,607,4,2024-12-06,2,329.99,Completed,Brazil
3983,12,4,2024-12-19,2,329.99,Completed,USA
3984,12,2,2024-12-19,1,149.99,Completed,USA
3985,248,6,2024-12-26,1,29.99,Completed,USA
3986,638,2,2024-12-16,1,149.99,Completed,Japan
3987,390,10,2024-12-10,1,249.99,Completed,USA
3988,545,7,2024-12-01,1,999.99,Completed,Germany
3989,800,6,2024-12-13,1,29.99,Completed,Germany
3990,143,10,2024-12-19,1,249.99,Completed,Germany
3991,143,6,2024-12-19,2,29.99,Completed,Germany
3992,117,4,2024-12-27,1,329.99,Completed,USA
3993,117,4,2024-12-27,1,329.99,Returned,USA
3994,117,7,2024-12-27,1,999.99,Completed,USA
3995,721,12,2024-12-21,2,14.99,Completed,USA
3996,475,7,2024-12-02,1,999.99,Completed,Australia
3997,19,11,2024-12-04,1,34.99,Completed,France
3998,520,5,2024-12-13,1,79.99,Completed,United Kingdom
3999,520,12,2024-12-13,2,14.99,Completed,United Kingdom
